model_id	sample_id	sample_origin	host_strain_nomenclature	passage	symbol	biotype	coding_sequence_change	variant_class	codon_change	amino_acid_change	consequence	functional_prediction	read_depth	allele_frequency	chromosome	seq_start_position	ref_allele	alt_allele	ucsc_gene_id	ncbi_gene_id	ncbi_transcript_id	ensembl_gene_id	ensembl_transcript_id	variation_id	genome_assembly	platform
CTAX002	HGP379.1 TUMOR CTAX2X11	xenograft	NOD.CB17-Prkdcscid/NCrCrl	11	ABL1	protein_coding	2173G>A	SNV	Ggt/Agt	G725S	missense_variant	PolyPhen: benign(0.003) | SIFT: tolerated_low_confidence(1)	150	0.4737	9	130884406	G	A		25	NM_007313.2	ENSG00000097007	ENST00000372348	rs143837301,COSM5472686	GRCh38	WES
CTAX002	HGP379.1 TUMOR CTAX2X11	xenograft	NOD.CB17-Prkdcscid/NCrCrl	11	AKAP9	protein_coding	4342A>G	SNV	Att/Gtt	I1448V	missense_variant	PolyPhen: probably_damaging(0.978) | SIFT: deleterious(0.03)	150	0.3151	7	92038422	A	G		10142	NM_147185.3	ENSG00000127914	ENST00000356239	rs150379637	GRCh38	WES
CTAX002	HGP379.1 TUMOR CTAX2X11	xenograft	NOD.CB17-Prkdcscid/NCrCrl	11	AKAP9	protein_coding	4960_4961del	deletion	tcAGag/tcag		frameshift_variant		150	0.3182	7	92042078	AG	-		10142	NM_147185.3	ENSG00000127914	ENST00000356239	rs779447911,COSM1092917,COSM1092918	GRCh38	WES
CTAX002	HGP379.1 TUMOR CTAX2X11	xenograft	NOD.CB17-Prkdcscid/NCrCrl	11	ALK	protein_coding	2465del	deletion	gGt/gt	G822X	frameshift_variant		150	0.5455	2	29233587	C	-		238	XR_001738688.2	ENSG00000171094	ENST00000389048	COSM2941501	GRCh38	WES
CTAX002	HGP379.1 TUMOR CTAX2X11	xenograft	NOD.CB17-Prkdcscid/NCrCrl	11	ARID1A	protein_coding	4003C>T	SNV	Cga/Tga	R1335*	stop_gained,splice_region_variant		150	0.526	1	26773716	C	T		8289	NM_006015.6	ENSG00000117713	ENST00000324856	rs387906846,CM122485,COSM907723	GRCh38	WES
CTAX002	HGP379.1 TUMOR CTAX2X11	xenograft	NOD.CB17-Prkdcscid/NCrCrl	11	ARID1A	protein_coding	6442T>C	SNV	Tat/Cat	Y2148H	missense_variant	PolyPhen: probably_damaging(0.948) | SIFT: deleterious(0.02)	150	0.5414	1	26780340	T	C		8289	NM_006015.6	ENSG00000117713	ENST00000324856	-	GRCh38	WES
CTAX002	HGP379.1 TUMOR CTAX2X11	xenograft	NOD.CB17-Prkdcscid/NCrCrl	11	ASXL1	protein_coding	1934dup	insertion	-/G	-642-643X	frameshift_variant		150	0.1885	20	32434638	-	G		171023	XM_017027706.1	ENSG00000171456	ENST00000375687	rs750318549,TMP_ESP_20_31022442_31022442	GRCh38	WES
CTAX002	HGP379.1 TUMOR CTAX2X11	xenograft	NOD.CB17-Prkdcscid/NCrCrl	11	ASXL1	protein_coding		SNV	cCg/cCg		synonymous_variant		150	1	20	32435156	T	C		171023	XM_017027706.1	ENSG00000171456	ENST00000375687	-	GRCh38	WES
CTAX002	HGP379.1 TUMOR CTAX2X11	xenograft	NOD.CB17-Prkdcscid/NCrCrl	11	ATM	protein_coding	4741dup	insertion	caa/cAaa		frameshift_variant		150	0.4943	11	108293436	-	A		472	XR_002957150.1	ENSG00000149311	ENST00000278616	rs864622164	GRCh38	WES
CTAX002	HGP379.1 TUMOR CTAX2X11	xenograft	NOD.CB17-Prkdcscid/NCrCrl	11	ATM	protein_coding	6555dup	insertion	att/aTtt		frameshift_variant		150	0.5287	11	108321401	-	T				ENSG00000149311	ENST00000278616	-	GRCh38	WES
CTAX002	HGP379.1 TUMOR CTAX2X11	xenograft	NOD.CB17-Prkdcscid/NCrCrl	11	BCL2L10	protein_coding	653G>T	SNV	aGc/aTc	S218I	missense_variant		150	0.3152	15	52109880	C	A		10017	NM_020396.3	ENSG00000137875	ENST00000561198	-	GRCh38	WES
CTAX002	HGP379.1 TUMOR CTAX2X11	xenograft	NOD.CB17-Prkdcscid/NCrCrl	11	BCL9	protein_coding	1547dup	insertion	-/C	-513-514X	frameshift_variant		150	0.3235	1	147619694	-	C		607	XM_005277418.4	ENSG00000116128	ENST00000234739	rs781994033,TMP_ESP_1_147091501_147091501	GRCh38	WES
CTAX002	HGP379.1 TUMOR CTAX2X11	xenograft	NOD.CB17-Prkdcscid/NCrCrl	11	BLM	protein_coding	1544dup	insertion	gga/ggAa		frameshift_variant		150	0.0533	15	90760908	-	A		641	NM_001287246.2	ENSG00000197299	ENST00000355112	rs367543043,TMP_ESP_15_91304139_91304139	GRCh38	WES
CTAX002	HGP379.1 TUMOR CTAX2X11	xenograft	NOD.CB17-Prkdcscid/NCrCrl	11	BRAF	protein_coding	1208del	deletion	cCt/ct	P403X	frameshift_variant		150	0.3134	7	140783127	G	-		673	XR_001744858.1	ENSG00000157764	ENST00000496384	COSM1448632,COSM6475269	GRCh38	WES
CTAX002	HGP379.1 TUMOR CTAX2X11	xenograft	NOD.CB17-Prkdcscid/NCrCrl	11	BRAF	protein_coding	1799T>A	SNV	gTg/gAg	V600E	missense_variant	PolyPhen: probably_damaging(0.927) | SIFT: deleterious(0)	150	0.7538	7	140753336	A	T		673	XR_001744858.1	ENSG00000157764	ENST00000496384	rs113488022,CM112509,COSM18443,COSM476,COSM6137	GRCh38	WES
CTAX002	HGP379.1 TUMOR CTAX2X11	xenograft	NOD.CB17-Prkdcscid/NCrCrl	11	BRCA2	protein_coding	3860del	deletion	gAa/ga	E1285X	frameshift_variant		150	0.2805	13	32338209	A	-		675	NM_000059.3	ENSG00000139618	ENST00000380152	rs80359406	GRCh38	WES
CTAX002	HGP379.1 TUMOR CTAX2X11	xenograft	NOD.CB17-Prkdcscid/NCrCrl	11	BRD3	protein_coding	71dup	insertion	ccg/ccCg		frameshift_variant		150	0.383	9	134053406	-	G		8019	NM_007371.4	ENSG00000169925	ENST00000303407	rs763134487,TMP_ESP_9_136918529_136918529	GRCh38	WES
CTAX002	HGP379.1 TUMOR CTAX2X11	xenograft	NOD.CB17-Prkdcscid/NCrCrl	11	C1QTNF1	protein_coding	536A>G	SNV	aAc/aGc	N179S	missense_variant	PolyPhen: benign(0.158) | SIFT: tolerated(0.18)	150	0.4948	17	79047778	A	G		114897	NR_049769.2	ENSG00000173918	ENST00000339142	rs149440649	GRCh38	WES
CTAX002	HGP379.1 TUMOR CTAX2X11	xenograft	NOD.CB17-Prkdcscid/NCrCrl	11	WDCP	protein_coding	15del	deletion	aaA/aa	K5X	frameshift_variant		150	0.4831	2	24039480	T	-		80304	NM_001142319.1	ENSG00000163026	ENST00000295148	-	GRCh38	WES
CTAX002	HGP379.1 TUMOR CTAX2X11	xenograft	NOD.CB17-Prkdcscid/NCrCrl	11	CANT1	protein_coding	1103G>A	SNV	gGc/gAc	G368D	missense_variant	PolyPhen: possibly_damaging(0.832) | SIFT: deleterious(0)	150	0.061	17	78993653	C	T		124583	XR_001752424.2	ENSG00000171302	ENST00000302345	-	GRCh38	WES
CTAX002	HGP379.1 TUMOR CTAX2X11	xenograft	NOD.CB17-Prkdcscid/NCrCrl	11	CARS	protein_coding	2372C>T	SNV	aCa/aTa	T791I	missense_variant	PolyPhen: possibly_damaging(0.887) | SIFT: deleterious(0.03)	150	0.4925	11	3001238	G	A		833	NR_036542.1	ENSG00000110619	ENST00000380525	-	GRCh38	WES
CTAX002	HGP379.1 TUMOR CTAX2X11	xenograft	NOD.CB17-Prkdcscid/NCrCrl	11	CARS-AS1	lncRNA		SNV	-		non_coding_transcript_exon_variant		150	0.5385	11	3040941	C	T		833	NR_036542.1	ENSG00000247473	ENST00000499962	-	GRCh38	WES
CTAX002	HGP379.1 TUMOR CTAX2X11	xenograft	NOD.CB17-Prkdcscid/NCrCrl	11	CASP8	protein_coding	1596del	deletion	agA/ag	R530X	frameshift_variant		150	0.466	2	201286567	A	-		841	XR_001738971.1	ENSG00000064012	ENST00000358485	COSM293522,COSM293523,COSM3686184	GRCh38	WES
CTAX002	HGP379.1 TUMOR CTAX2X11	xenograft	NOD.CB17-Prkdcscid/NCrCrl	11	CASP8AP2	protein_coding	653T>G	SNV	gTt/gGt	V218G	missense_variant	PolyPhen: benign(0.149) | SIFT: deleterious(0.04)	150	0.4628	6	89862362	T	G		9994	NM_012115.3	ENSG00000118412	ENST00000551025	rs115337779	GRCh38	WES
CTAX002	HGP379.1 TUMOR CTAX2X11	xenograft	NOD.CB17-Prkdcscid/NCrCrl	11	CBLN4	protein_coding	226G>A	SNV	Gtg/Atg	V76M	missense_variant	PolyPhen: possibly_damaging(0.873) | SIFT: tolerated(0.12)	150	0.3741	20	56003946	C	T		140689	NM_080617.6	ENSG00000054803	ENST00000064571	COSM6620961	GRCh38	WES
CTAX002	HGP379.1 TUMOR CTAX2X11	xenograft	NOD.CB17-Prkdcscid/NCrCrl	11	CCDC62	protein_coding	1519G>A	SNV	Gaa/Aaa	E507K	missense_variant	PolyPhen: benign(0.001) | SIFT: tolerated(0.05)	150	0.4918	12	122801665	G	A		84660	NR_027918.2	ENSG00000130783	ENST00000253079	rs569908909,COSM268849	GRCh38	WES
CTAX002	HGP379.1 TUMOR CTAX2X11	xenograft	NOD.CB17-Prkdcscid/NCrCrl	11	CCDC66	protein_coding	1816_1818dup	insertion	act/aCTTct		inframe_insertion		150	0.3478	3	56616023	-	CTT		285331	NR_148372.1	ENSG00000180376	ENST00000394672	rs56302802,TMP_ESP_3_56650052_56650051	GRCh38	WES
CTAX002	HGP379.1 TUMOR CTAX2X11	xenograft	NOD.CB17-Prkdcscid/NCrCrl	11	CDH1	protein_coding	2386del	deletion	gtC/gt	V794X	frameshift_variant		150	0.4674	16	68829740	C	-		999	NM_001317185.2	ENSG00000039068	ENST00000261769	-	GRCh38	WES
CTAX002	HGP379.1 TUMOR CTAX2X11	xenograft	NOD.CB17-Prkdcscid/NCrCrl	11	CDH19	protein_coding	2153T>C	SNV	cTc/cCc	L718P	missense_variant	PolyPhen: probably_damaging(0.999) | SIFT: deleterious(0)	150	0.382	18	66504978	A	G		28513	NR_073130.1	ENSG00000071991	ENST00000262150	-	GRCh38	WES
CTAX002	HGP379.1 TUMOR CTAX2X11	xenograft	NOD.CB17-Prkdcscid/NCrCrl	11	CEBPA	protein_coding	95G>C	SNV	gGc/gCc	G32A	missense_variant	PolyPhen: benign(0.157) | SIFT: tolerated(0.18)	150	0.619	19	33302320	C	G		1050	NM_004364.4	ENSG00000245848	ENST00000498907	COSM29027	GRCh38	WES
CTAX002	HGP379.1 TUMOR CTAX2X11	xenograft	NOD.CB17-Prkdcscid/NCrCrl	11	CEP128	protein_coding	917dup	insertion	ttg/ttTg		frameshift_variant		150	0.4854	14	80838210	-	A		145508	NR_157142.1	ENSG00000100629	ENST00000555265	-	GRCh38	WES
CTAX002	HGP379.1 TUMOR CTAX2X11	xenograft	NOD.CB17-Prkdcscid/NCrCrl	11	CEP128	protein_coding	375del	deletion	ttT/tt	F125X	frameshift_variant		150	0.4746	14	80904918	A	-		145508	NR_157142.1	ENSG00000100629	ENST00000555265	-	GRCh38	WES
CTAX002	HGP379.1 TUMOR CTAX2X11	xenograft	NOD.CB17-Prkdcscid/NCrCrl	11	CEP135	protein_coding	761dup	insertion	tcc/tCcc		frameshift_variant		150	0.4722	4	55964331	-	C		9662	XM_006714055.3	ENSG00000174799	ENST00000257287	-	GRCh38	WES
CTAX002	HGP379.1 TUMOR CTAX2X11	xenograft	NOD.CB17-Prkdcscid/NCrCrl	11	CEP164	protein_coding	2650C>A	SNV	Ctg/Atg	L884M	missense_variant	PolyPhen: probably_damaging(0.998) | SIFT: deleterious(0)	150	0.7105	11	117394383	C	A		22897	XR_428971.3	ENSG00000110274	ENST00000278935	-	GRCh38	WES
CTAX002	HGP379.1 TUMOR CTAX2X11	xenograft	NOD.CB17-Prkdcscid/NCrCrl	11	CEP164	protein_coding	347del	deletion	Aaa/aa	K113X	frameshift_variant		150	0.4769	11	117351932	A	-		22897	XR_428971.3	ENSG00000110274	ENST00000278935	rs751277203,COSM1351515	GRCh38	WES
CTAX002	HGP379.1 TUMOR CTAX2X11	xenograft	NOD.CB17-Prkdcscid/NCrCrl	11	CEP170	protein_coding	692T>G	SNV	cTt/cGt	L231R	missense_variant	PolyPhen: benign(0.347) | SIFT: deleterious(0.02)	150	0.219	1	243191434	A	C		9859	XM_011544341.3	ENSG00000143702	ENST00000366542	-	GRCh38	WES
CTAX002	HGP379.1 TUMOR CTAX2X11	xenograft	NOD.CB17-Prkdcscid/NCrCrl	11	CFHR1	protein_coding	469C>T	SNV	Cat/Tat	H157Y	missense_variant	PolyPhen: benign(0.147) | SIFT: tolerated(1)	150	0.0769	1	196828108	C	T		3078	XM_011509457.2	ENSG00000244414	ENST00000320493	rs425757	GRCh38	WES
CTAX002	HGP379.1 TUMOR CTAX2X11	xenograft	NOD.CB17-Prkdcscid/NCrCrl	11	CFHR1	protein_coding	475C>G	SNV	Ctg/Gtg	L159V	missense_variant	PolyPhen: benign(0) | SIFT: tolerated(0.8)	150	0.0614	1	196828114	C	G		3078	XM_011509457.2	ENSG00000244414	ENST00000320493	rs410232	GRCh38	WES
CTAX002	HGP379.1 TUMOR CTAX2X11	xenograft	NOD.CB17-Prkdcscid/NCrCrl	11	CFHR3	protein_coding	721C>T	SNV	Ccc/Tcc	P241S	missense_variant	PolyPhen: benign(0.003) | SIFT: tolerated(0.72)	150	0.0855	1	196790152	C	T		10878	XR_001736937.1	ENSG00000116785	ENST00000367425	rs138675433	GRCh38	WES
CTAX002	HGP379.1 TUMOR CTAX2X11	xenograft	NOD.CB17-Prkdcscid/NCrCrl	11	CIITA	protein_coding	2113T>C	SNV	Tcc/Ccc	S705P	missense_variant	PolyPhen: benign(0) | SIFT: tolerated(0.31)	150	0.4719	16	10907602	T	C		4261	XR_001751904.1	ENSG00000179583	ENST00000618327	-	GRCh38	WES
CTAX002	HGP379.1 TUMOR CTAX2X11	xenograft	NOD.CB17-Prkdcscid/NCrCrl	11	CREBBP	protein_coding	283G>A	SNV	Gtg/Atg	V95M	missense_variant	PolyPhen: possibly_damaging(0.743) | SIFT: tolerated_low_confidence(0.17)	150	0.513	16	3850812	C	T		1387	NM_001079846.1	ENSG00000005339	ENST00000262367	rs756802946	GRCh38	WES
CTAX002	HGP379.1 TUMOR CTAX2X11	xenograft	NOD.CB17-Prkdcscid/NCrCrl	11	CRTC3	protein_coding	59C>T	SNV	gCg/gTg	A20V	missense_variant	PolyPhen: probably_damaging(0.995) | SIFT: deleterious(0)	150	0.3784	15	90530130	C	T		64784	XM_005254968.2	ENSG00000140577	ENST00000268184	-	GRCh38	WES
CTAX002	HGP379.1 TUMOR CTAX2X11	xenograft	NOD.CB17-Prkdcscid/NCrCrl	11	DDX52	protein_coding	758A>T	SNV	gAg/gTg	E253V	missense_variant	PolyPhen: probably_damaging(0.982) | SIFT: deleterious(0)	150	0.4886	17	37628662	T	A		11056	NM_007010.5	ENSG00000278053	ENST00000617633	-	GRCh38	WES
CTAX002	HGP379.1 TUMOR CTAX2X11	xenograft	NOD.CB17-Prkdcscid/NCrCrl	11	DDX54	protein_coding	2614C>T	SNV	Cgc/Tgc	R872C	missense_variant	PolyPhen: benign(0.44) | SIFT: tolerated_low_confidence(0.05)	150	0.5789	12	113158912	G	A		79039	NM_024072.4	ENSG00000123064	ENST00000314045	rs529251320,COSM6641955	GRCh38	WES
CTAX002	HGP379.1 TUMOR CTAX2X11	xenograft	NOD.CB17-Prkdcscid/NCrCrl	11	DDX60	protein_coding	2286del	deletion	ttT/tt	F762X	frameshift_variant		150	0.4796	4	168275363	A	-		55601	XM_024454132.1	ENSG00000137628	ENST00000393743	-	GRCh38	WES
CTAX002	HGP379.1 TUMOR CTAX2X11	xenograft	NOD.CB17-Prkdcscid/NCrCrl	11	ELK4	protein_coding	1111C>T	SNV	Ctc/Ttc	L371F	missense_variant	PolyPhen: probably_damaging(0.982) | SIFT: deleterious(0.02)	150	0.5574	1	205619043	G	A		2005	NM_001973.3	ENSG00000158711	ENST00000357992	rs1458182560	GRCh38	WES
CTAX002	HGP379.1 TUMOR CTAX2X11	xenograft	NOD.CB17-Prkdcscid/NCrCrl	11	FANCD2	protein_coding	1306C>A	SNV	Ctg/Atg	L436M	missense_variant	PolyPhen: probably_damaging(1) | SIFT: deleterious(0)	150	0.3333	3	10047944	C	A		2177	NM_001018115.2	ENSG00000144554	ENST00000287647	rs373898927,COSM3800822,COSM3800823,COSM3845649,COSM3845650	GRCh38	WES
CTAX002	HGP379.1 TUMOR CTAX2X11	xenograft	NOD.CB17-Prkdcscid/NCrCrl	11	FANCD2	protein_coding	1864G>A	SNV	Gag/Aag	E622K	missense_variant	PolyPhen: benign(0.039) | SIFT: tolerated(0.1)	150	0.4382	3	10063828	G	A		2177	NM_001018115.2	ENSG00000144554	ENST00000287647	rs375951862	GRCh38	WES
CTAX002	HGP379.1 TUMOR CTAX2X11	xenograft	NOD.CB17-Prkdcscid/NCrCrl	11	FANCD2	protein_coding	2141C>T	SNV	cCg/cTg	P714L	missense_variant	PolyPhen: benign(0) | SIFT: tolerated(0.31)	150	0.1558	3	10064848	C	T		2177	NM_001018115.2	ENSG00000144554	ENST00000287647	rs3864017	GRCh38	WES
CTAX002	HGP379.1 TUMOR CTAX2X11	xenograft	NOD.CB17-Prkdcscid/NCrCrl	11	FANCF	protein_coding	902A>G	SNV	gAt/gGt	D301G	missense_variant	PolyPhen: benign(0.054) | SIFT: tolerated(0.2)	150	0.4503	11	22624909	T	C		2188	NM_022725.3	ENSG00000183161	ENST00000327470	-	GRCh38	WES
CTAX002	HGP379.1 TUMOR CTAX2X11	xenograft	NOD.CB17-Prkdcscid/NCrCrl	11	FHOD3	protein_coding	1005del	deletion	Ccc/cc	P334X	frameshift_variant		150	0.3433	18	36625553	C	-		80206	NM_001281740.3	ENSG00000134775	ENST00000590592	rs777980924,COSM169982	GRCh38	WES
CTAX002	HGP379.1 TUMOR CTAX2X11	xenograft	NOD.CB17-Prkdcscid/NCrCrl	11	FHOD3	protein_coding	187C>T	SNV	Ctc/Ttc	L63F	missense_variant	PolyPhen: probably_damaging(0.997) | SIFT: deleterious(0)	150	0.3125	18	36355560	C	T		80206	NM_001281740.3	ENSG00000134775	ENST00000590592	rs764096122	GRCh38	WES
CTAX002	HGP379.1 TUMOR CTAX2X11	xenograft	NOD.CB17-Prkdcscid/NCrCrl	11	FSTL4	protein_coding	1556C>A	SNV	cCa/cAa	P519Q	missense_variant	PolyPhen: probably_damaging(0.953) | SIFT: deleterious(0)	150	0.4747	5	133217281	G	T		23105	XM_011543283.1	ENSG00000053108	ENST00000265342	-	GRCh38	WES
CTAX002	HGP379.1 TUMOR CTAX2X11	xenograft	NOD.CB17-Prkdcscid/NCrCrl	11	GATA1	protein_coding	127G>A	SNV	Gca/Aca	A43T	missense_variant	PolyPhen: benign(0) | SIFT: tolerated_low_confidence(0.42)	150	1	X	48791236	G	A		2623	XM_011543897.2	ENSG00000102145	ENST00000376670	-	GRCh38	WES
CTAX002	HGP379.1 TUMOR CTAX2X11	xenograft	NOD.CB17-Prkdcscid/NCrCrl	11	GATA3	protein_coding	708dup	insertion	ttc/ttCc		frameshift_variant		150	0.3692	10	8058764	-	C		2625	XM_005252443.5	ENSG00000107485	ENST00000379328	rs771019738	GRCh38	WES
CTAX002	HGP379.1 TUMOR CTAX2X11	xenograft	NOD.CB17-Prkdcscid/NCrCrl	11	GNAS	protein_coding	2531G>A	SNV	cGt/cAt	R844H	missense_variant	PolyPhen: probably_damaging(1) | SIFT: deleterious(0.01)	150	0.3296	20	58909366	G	A				ENSG00000087460	ENST00000371100	rs121913495,COSM27895,COSM308279,COSM94388,COSM99221	GRCh38	WES
CTAX002	HGP379.1 TUMOR CTAX2X11	xenograft	NOD.CB17-Prkdcscid/NCrCrl	11	GRB14	protein_coding	891dup	insertion	-/A	-297-298X	frameshift_variant		150	0.3452	2	164508777	-	T		2888	XR_427085.3	ENSG00000115290	ENST00000263915	rs753383699	GRCh38	WES
CTAX002	HGP379.1 TUMOR CTAX2X11	xenograft	NOD.CB17-Prkdcscid/NCrCrl	11	IL22RA1	protein_coding	1153G>A	SNV	Gtc/Atc	V385I	missense_variant	PolyPhen: benign(0.026) | SIFT: tolerated(0.33)	150	0.4661	1	24121377	C	T		58985	XM_011541882.1	ENSG00000142677	ENST00000270800	rs140471465	GRCh38	WES
CTAX002	HGP379.1 TUMOR CTAX2X11	xenograft	NOD.CB17-Prkdcscid/NCrCrl	11	IL27	protein_coding	160G>A	SNV	Gcc/Acc	A54T	missense_variant	PolyPhen: benign(0.39) | SIFT: deleterious(0.03)	150	0.4068	16	28503922	C	T		246778	XM_011545780.2	ENSG00000197272	ENST00000356897	rs777385432	GRCh38	WES
CTAX002	HGP379.1 TUMOR CTAX2X11	xenograft	NOD.CB17-Prkdcscid/NCrCrl	11	IL6ST	protein_coding	2235T>G	SNV	gaT/gaG	D745E	missense_variant	PolyPhen: benign(0.129) | SIFT: tolerated(0.25)	150	0.4776	5	55941604	A	C		3572	NR_120480.1	ENSG00000134352	ENST00000381298	rs61755738	GRCh38	WES
CTAX002	HGP379.1 TUMOR CTAX2X11	xenograft	NOD.CB17-Prkdcscid/NCrCrl	11	ITPR1	protein_coding	2098dup	insertion	agg/aGgg		frameshift_variant		150	0.4783	3	4670862	-	G		3708	NM_001099952.3	ENSG00000150995	ENST00000302640	-	GRCh38	WES
CTAX002	HGP379.1 TUMOR CTAX2X11	xenograft	NOD.CB17-Prkdcscid/NCrCrl	11	ITPR1	protein_coding	3754A>G	SNV	Aaa/Gaa	K1252E	missense_variant	PolyPhen: probably_damaging(0.974) | SIFT: deleterious(0)	150	0.4935	3	4688591	A	G		3708	NM_001099952.3	ENSG00000150995	ENST00000302640	-	GRCh38	WES
CTAX002	HGP379.1 TUMOR CTAX2X11	xenograft	NOD.CB17-Prkdcscid/NCrCrl	11	ITPR3	protein_coding	1895A>T	SNV	gAc/gTc	D632V	missense_variant	PolyPhen: benign(0.29) | SIFT: deleterious(0.04)	150	0.5155	6	33668523	A	T		3710	NM_002224.4	ENSG00000096433	ENST00000374316	-	GRCh38	WES
CTAX002	HGP379.1 TUMOR CTAX2X11	xenograft	NOD.CB17-Prkdcscid/NCrCrl	11	KIAA1549	protein_coding	658G>C	SNV	Gcg/Ccg	A220P	missense_variant	PolyPhen: benign(0) | SIFT: tolerated(0.24)	150	0.2975	7	138918968	C	G		57670	XM_011516442.2	ENSG00000122778	ENST00000422774	rs79731548,COSM4004314,COSM4004315	GRCh38	WES
CTAX002	HGP379.1 TUMOR CTAX2X11	xenograft	NOD.CB17-Prkdcscid/NCrCrl	11	KMT2D	protein_coding	12121C>T	SNV	Ccc/Tcc	P4041S	missense_variant	PolyPhen: benign(0) | SIFT: tolerated_low_confidence(0.12)	150	0.5213	12	49032584	G	A		8085	XR_001748874.1	ENSG00000167548	ENST00000301067	-	GRCh38	WES
CTAX002	HGP379.1 TUMOR CTAX2X11	xenograft	NOD.CB17-Prkdcscid/NCrCrl	11	KMT2D	protein_coding	13884del	deletion	ccC/cc	P4628X	frameshift_variant		150	0.4792	12	49030395	G	-		8085	XR_001748874.1	ENSG00000167548	ENST00000301067	rs886040960,COSM1361968,COSM1361969	GRCh38	WES
CTAX002	HGP379.1 TUMOR CTAX2X11	xenograft	NOD.CB17-Prkdcscid/NCrCrl	11	LCP1	protein_coding	514C>T	SNV	Cca/Tca	P172S	missense_variant	PolyPhen: benign(0.287) | SIFT: tolerated(0.05)	150	0.3268	13	46154864	G	A		3936	NM_002298.5	ENSG00000136167	ENST00000398576	-	GRCh38	WES
CTAX002	HGP379.1 TUMOR CTAX2X11	xenograft	NOD.CB17-Prkdcscid/NCrCrl	11	LIFR	protein_coding	3278A>T	SNV	aAc/aTc	N1093I	missense_variant	PolyPhen: probably_damaging(0.998) | SIFT: deleterious(0)	150	0.4793	5	38481611	T	A		3977	NM_002310.6	ENSG00000113594	ENST00000453190	-	GRCh38	WES
CTAX002	HGP379.1 TUMOR CTAX2X11	xenograft	NOD.CB17-Prkdcscid/NCrCrl	11	MAF	protein_coding	733G>A	SNV	Gcc/Acc	A245T	missense_variant	PolyPhen: benign(0) | SIFT: tolerated(0.56)	150	0.52	16	79599170	C	T		4094	XR_002957804.1	ENSG00000178573	ENST00000326043	-	GRCh38	WES
CTAX002	HGP379.1 TUMOR CTAX2X11	xenograft	NOD.CB17-Prkdcscid/NCrCrl	11	MAP2K2	protein_coding	128A>T	SNV	gAg/gTg	E43V	missense_variant	PolyPhen: probably_damaging(0.996) | SIFT: deleterious(0.01)	150	0.4902	19	4117594	T	A		5605	XM_006722799.2	ENSG00000126934	ENST00000262948	-	GRCh38	WES
CTAX002	HGP379.1 TUMOR CTAX2X11	xenograft	NOD.CB17-Prkdcscid/NCrCrl	11	MET	protein_coding	3026_3027insG	insertion	cca/ccGa		frameshift_variant		150	0.3122	7	116771933	-	G		4233	XR_001744772.1	ENSG00000105976	ENST00000318493	-	GRCh38	WES
CTAX002	HGP379.1 TUMOR CTAX2X11	xenograft	NOD.CB17-Prkdcscid/NCrCrl	11	MLLT1	protein_coding	968_970del	deletion	tCCTtc/ttc		inframe_deletion		150	0.3605	19	6222261	AGG	-		4298	NM_005934.4	ENSG00000130382	ENST00000252674	rs749877976,TMP_ESP_19_6222272_6222274,COSM1002850	GRCh38	WES
CTAX002	HGP379.1 TUMOR CTAX2X11	xenograft	NOD.CB17-Prkdcscid/NCrCrl	11	MLLT6	protein_coding	2221C>A	SNV	Ctg/Atg	L741M	missense_variant	PolyPhen: benign(0.175) | SIFT: tolerated(0.64)	150	0.5	17	38720437	C	A		4302	NM_005937.4	ENSG00000275023	ENST00000621332	-	GRCh38	WES
CTAX002	HGP379.1 TUMOR CTAX2X11	xenograft	NOD.CB17-Prkdcscid/NCrCrl	11	MN1	protein_coding	1596_1598del	deletion	caGCAa/caa		inframe_deletion		150	0.6154	22	27798946	TGC	-		4330	NM_002430.3	ENSG00000169184	ENST00000302326	rs34890218,TMP_ESP_22_28194934_28194936,COSM4603742	GRCh38	WES
CTAX002	HGP379.1 TUMOR CTAX2X11	xenograft	NOD.CB17-Prkdcscid/NCrCrl	11	HPDL	protein_coding		SNV	-		downstream_gene_variant		150	0.5093	1	45332464	C	T		84842	NM_032756.3	ENSG00000186603	ENST00000334815	rs759295912	GRCh38	WES
CTAX002	HGP379.1 TUMOR CTAX2X11	xenograft	NOD.CB17-Prkdcscid/NCrCrl	11	MYBL1	protein_coding	1259del	deletion	aAc/ac	N420X	frameshift_variant		150	0.3138	8	66576218	T	-		4603	NM_001294282.2	ENSG00000185697	ENST00000522677	COSM1457861	GRCh38	WES
CTAX002	HGP379.1 TUMOR CTAX2X11	xenograft	NOD.CB17-Prkdcscid/NCrCrl	11	MYBL1	protein_coding	373T>G	SNV	Tgt/Ggt	C125G	missense_variant	PolyPhen: probably_damaging(1) | SIFT: deleterious(0)	150	0.2931	8	66597469	A	C		4603	NM_001294282.2	ENSG00000185697	ENST00000522677	-	GRCh38	WES
CTAX002	HGP379.1 TUMOR CTAX2X11	xenograft	NOD.CB17-Prkdcscid/NCrCrl	11	MYBPC2	protein_coding	1925del	deletion	gaC/ga	D640X	frameshift_variant		150	0.4688	19	50454275	C	-		4606	NM_004533.4	ENSG00000086967	ENST00000357701	rs752111099,COSM5519701,COSM5519702	GRCh38	WES
CTAX002	HGP379.1 TUMOR CTAX2X11	xenograft	NOD.CB17-Prkdcscid/NCrCrl	11	MYBPC3	protein_coding	2441_2443del	deletion	aAGAgc/agc		inframe_deletion		150	0.4824	11	47337550	TCT	-		4607	NM_000256.3	ENSG00000134571	ENST00000545968	rs727504288,COSM1354064,COSM4333931	GRCh38	WES
CTAX002	HGP379.1 TUMOR CTAX2X11	xenograft	NOD.CB17-Prkdcscid/NCrCrl	11	MYCBP2	protein_coding	9904C>T	SNV	Cgc/Tgc	R3302C	missense_variant	PolyPhen: probably_damaging(0.992) | SIFT: deleterious(0)	150	0.1573	13	77096362	G	A		23077	XM_017020465.2	ENSG00000005810	ENST00000544440	rs201714806,COSM4835953,COSM4835954	GRCh38	WES
CTAX002	HGP379.1 TUMOR CTAX2X11	xenograft	NOD.CB17-Prkdcscid/NCrCrl	11	MYCBP2	protein_coding	11132A>G	SNV	gAt/gGt	D3711G	missense_variant	PolyPhen: probably_damaging(0.996) | SIFT: deleterious(0)	150	0.2075	13	77081898	T	C		23077	XM_017020465.2	ENSG00000005810	ENST00000544440	-	GRCh38	WES
CTAX002	HGP379.1 TUMOR CTAX2X11	xenograft	NOD.CB17-Prkdcscid/NCrCrl	11	MYH9	protein_coding	2872G>A	SNV	Gcc/Acc	A958T	missense_variant	PolyPhen: benign(0.035) | SIFT: tolerated(0.06)	150	0.2621	22	36300231	C	T		4627	NM_002473.5	ENSG00000100345	ENST00000216181	rs151036570	GRCh38	WES
CTAX002	HGP379.1 TUMOR CTAX2X11	xenograft	NOD.CB17-Prkdcscid/NCrCrl	11	NCOA1	protein_coding	3935A>G	SNV	tAc/tGc	Y1312C	missense_variant	PolyPhen: probably_damaging(0.994) | SIFT: deleterious(0)	150	0.5181	2	24758026	A	G		8648	NM_001362950.1	ENSG00000084676	ENST00000406961	-	GRCh38	WES
CTAX002	HGP379.1 TUMOR CTAX2X11	xenograft	NOD.CB17-Prkdcscid/NCrCrl	11	NDRG1	protein_coding	637C>T	SNV	Cag/Tag	Q213*	stop_gained		150	0.3406	8	133250501	G	A		10397	NM_001258433.1	ENSG00000104419	ENST00000414097	-	GRCh38	WES
CTAX002	HGP379.1 TUMOR CTAX2X11	xenograft	NOD.CB17-Prkdcscid/NCrCrl	11	NF1	protein_coding	528T>A	SNV	gaT/gaA	D176E	missense_variant	PolyPhen: possibly_damaging(0.625) | SIFT: tolerated(0.25)	150	0.4848	17	31169939	T	A		4763	NM_001042492.2	ENSG00000196712	ENST00000358273	rs112306990,COSM24498	GRCh38	WES
CTAX002	HGP379.1 TUMOR CTAX2X11	xenograft	NOD.CB17-Prkdcscid/NCrCrl	11	NFIB	protein_coding	1357A>G	SNV	Act/Gct	T453A	missense_variant	PolyPhen: benign(0.31) | SIFT: tolerated(0.31)	150	0.4531	9	14116235	T	C		4781	NR_161383.1	ENSG00000147862	ENST00000380953	rs1264885089	GRCh38	WES
CTAX002	HGP379.1 TUMOR CTAX2X11	xenograft	NOD.CB17-Prkdcscid/NCrCrl	11	NOTCH2	protein_coding	3284G>C	SNV	gGt/gCt	G1095A	missense_variant	PolyPhen: probably_damaging(1) | SIFT: deleterious(0)	150	0.4182	1	119937910	C	G		4853	NM_024408.4	ENSG00000134250	ENST00000256646	-	GRCh38	WES
CTAX002	HGP379.1 TUMOR CTAX2X11	xenograft	NOD.CB17-Prkdcscid/NCrCrl	11	NR4A3	protein_coding	351_353dup	insertion	-/CAC	-108-109H	inframe_insertion		150	0.2632	9	99828333	-	CAC		8013	NM_173200.2	ENSG00000119508	ENST00000618101	rs753648433	GRCh38	WES
CTAX002	HGP379.1 TUMOR CTAX2X11	xenograft	NOD.CB17-Prkdcscid/NCrCrl	11	NSD1	protein_coding	4978C>T	SNV	Cgc/Tgc	R1660C	missense_variant	PolyPhen: probably_damaging(0.997) | SIFT: deleterious(0)	150	0.4667	5	177260000	C	T		64324	XM_024446158.1	ENSG00000165671	ENST00000439151	COSM246117,COSM246118	GRCh38	WES
CTAX002	HGP379.1 TUMOR CTAX2X11	xenograft	NOD.CB17-Prkdcscid/NCrCrl	11	NUP214	protein_coding	681del	deletion	gAa/ga	E225X	frameshift_variant		150	0.4902	9	131132606	A	-		8021	NM_005085.4	ENSG00000126883	ENST00000359428	rs771913112,COSM1460589,COSM1739515,COSM4338886	GRCh38	WES
CTAX002	HGP379.1 TUMOR CTAX2X11	xenograft	NOD.CB17-Prkdcscid/NCrCrl	11	PAX7	protein_coding	806G>A	SNV	cGc/cAc	R269H	missense_variant	PolyPhen: probably_damaging(0.993) | SIFT: deleterious(0)	150	0.5581	1	18700672	G	A		5081	NM_001135254.2	ENSG00000009709	ENST00000375375	rs371475871,COSM4026249,COSM4026250	GRCh38	WES
CTAX002	HGP379.1 TUMOR CTAX2X11	xenograft	NOD.CB17-Prkdcscid/NCrCrl	11	PBRM1	protein_coding	4231C>T	SNV	Cgc/Tgc	R1411C	missense_variant	PolyPhen: probably_damaging(0.997) | SIFT: deleterious(0)	150	0.4179	3	52561824	G	A		55193	XR_001740194.2	ENSG00000163939	ENST00000409057	COSM3408798,COSM3408799,COSM3408800	GRCh38	WES
CTAX002	HGP379.1 TUMOR CTAX2X11	xenograft	NOD.CB17-Prkdcscid/NCrCrl	11	PBX1	protein_coding	310dup	insertion	gac/gaCc		frameshift_variant		150	0.4412	1	164792533	-	C		5087	NM_001353131.1	ENSG00000185630	ENST00000420696	-	GRCh38	WES
CTAX002	HGP379.1 TUMOR CTAX2X11	xenograft	NOD.CB17-Prkdcscid/NCrCrl	11	PLPPR3	protein_coding	1135C>T	SNV	Cgc/Tgc	R379C	missense_variant	PolyPhen: probably_damaging(0.996) | SIFT: deleterious(0)	150	0.625	19	813676	G	A		79948	XM_011528317.3	ENSG00000129951	ENST00000359894	-	GRCh38	WES
CTAX002	HGP379.1 TUMOR CTAX2X11	xenograft	NOD.CB17-Prkdcscid/NCrCrl	11	PRDM14	protein_coding	1336C>T	SNV	Cgg/Tgg	R446W	missense_variant	PolyPhen: probably_damaging(1) | SIFT: deleterious(0)	150	0.3253	8	70058690	G	A		63978	XM_011517572.2	ENSG00000147596	ENST00000276594	COSM6530414	GRCh38	WES
CTAX002	HGP379.1 TUMOR CTAX2X11	xenograft	NOD.CB17-Prkdcscid/NCrCrl	11	PTCH1	protein_coding	3160G>T	SNV	Ggg/Tgg	G1054W	missense_variant	PolyPhen: probably_damaging(0.99) | SIFT: tolerated(0.11)	150	0.64	9	95458021	C	A		5727	NR_149061.1	ENSG00000185920	ENST00000331920	-	GRCh38	WES
CTAX002	HGP379.1 TUMOR CTAX2X11	xenograft	NOD.CB17-Prkdcscid/NCrCrl	11	PTCH1	protein_coding	3606del	deletion	ccC/cc	P1202X	frameshift_variant		150	0.5362	9	95449267	G	-		5727	NR_149061.1	ENSG00000185920	ENST00000331920	COSM198969,COSM198970,COSM198971,COSM2733176	GRCh38	WES
CTAX002	HGP379.1 TUMOR CTAX2X11	xenograft	NOD.CB17-Prkdcscid/NCrCrl	11	PTCH2	protein_coding	735G>C	SNV	caG/caC	Q245H	missense_variant	PolyPhen: benign(0.001) | SIFT: tolerated(0.46)	150	0.6111	1	44830926	C	G		8643	NM_001166292.1	ENSG00000117425	ENST00000372192	rs138577588	GRCh38	WES
CTAX002	HGP379.1 TUMOR CTAX2X11	xenograft	NOD.CB17-Prkdcscid/NCrCrl	11	DISP3	protein_coding	2687C>T	SNV	gCg/gTg	A896V	missense_variant	PolyPhen: benign(0.033) | SIFT: tolerated_low_confidence(0.3)	150	0.4915	1	11526724	C	T		57540	XR_946717.2	ENSG00000204624	ENST00000294484	rs778797542,COSM1222435	GRCh38	WES
CTAX002	HGP379.1 TUMOR CTAX2X11	xenograft	NOD.CB17-Prkdcscid/NCrCrl	11	DISP3	protein_coding	3160C>T	SNV	Cac/Tac	H1054Y	missense_variant	PolyPhen: benign(0.022) | SIFT: deleterious(0.01)	150	0.4471	1	11530964	C	T		57540	XR_946717.2	ENSG00000204624	ENST00000294484	-	GRCh38	WES
CTAX002	HGP379.1 TUMOR CTAX2X11	xenograft	NOD.CB17-Prkdcscid/NCrCrl	11	PTEN	protein_coding	867del	deletion	gAa/ga	E288X	frameshift_variant		150	0.9329	10	87960955	A	-		5728	NM_000314.7	ENSG00000171862	ENST00000371953	COSM13452	GRCh38	WES
CTAX002	HGP379.1 TUMOR CTAX2X11	xenograft	NOD.CB17-Prkdcscid/NCrCrl	11	PTPRB	protein_coding	1199C>T	SNV	gCc/gTc	A400V	missense_variant	PolyPhen: benign(0.007) | SIFT: tolerated(0.37)	150	0.5738	12	70596108	G	A		5787	XR_944651.1	ENSG00000127329	ENST00000334414	rs866912446	GRCh38	WES
CTAX002	HGP379.1 TUMOR CTAX2X11	xenograft	NOD.CB17-Prkdcscid/NCrCrl	11	AC025569.1	lncRNA		SNV	-		intron_variant,non_coding_transcript_variant		150	0.5205	12	70524518	T	G		105369828	XR_001749196.1	ENSG00000258168	ENST00000548687	-	GRCh38	WES
CTAX002	HGP379.1 TUMOR CTAX2X11	xenograft	NOD.CB17-Prkdcscid/NCrCrl	11	PTPRC	protein_coding	1741G>A	SNV	Gca/Aca	A581T	missense_variant	PolyPhen: benign(0.009) | SIFT: tolerated(0.86)	150	0.5062	1	198728360	G	A				ENSG00000081237	ENST00000442510	-	GRCh38	WES
CTAX002	HGP379.1 TUMOR CTAX2X11	xenograft	NOD.CB17-Prkdcscid/NCrCrl	11	PTPRJ	protein_coding	3664G>A	SNV	Gtt/Att	V1222I	missense_variant	PolyPhen: probably_damaging(0.996) | SIFT: deleterious(0)	150	0.3963	11	48163563	G	A		5795	XR_930883.2	ENSG00000149177	ENST00000418331	rs143897534	GRCh38	WES
CTAX002	HGP379.1 TUMOR CTAX2X11	xenograft	NOD.CB17-Prkdcscid/NCrCrl	11	PTPRO	protein_coding	182C>A	SNV	aCt/aAt	T61N	missense_variant	PolyPhen: benign(0.062) | SIFT: deleterious_low_confidence(0)	150	1	12	15484080	C	A		5800	XR_931316.3	ENSG00000151490	ENST00000281171	-	GRCh38	WES
CTAX002	HGP379.1 TUMOR CTAX2X11	xenograft	NOD.CB17-Prkdcscid/NCrCrl	11	RAD21	protein_coding	1864G>A	SNV	Gca/Aca	A622T	missense_variant	PolyPhen: probably_damaging(0.993) | SIFT: tolerated(0.12)	150	0.2917	8	116847532	C	T		5885	NM_006265.2	ENSG00000164754	ENST00000297338	rs775266057,CM152293	GRCh38	WES
CTAX002	HGP379.1 TUMOR CTAX2X11	xenograft	NOD.CB17-Prkdcscid/NCrCrl	11	RB1CC1	protein_coding	1772C>T	SNV	tCg/tTg	S591L	missense_variant	PolyPhen: benign(0.06) | SIFT: tolerated(0.1)	150	0.7206	8	52658894	G	A		9821	XR_928826.3	ENSG00000023287	ENST00000025008	rs776111804,COSM3413059	GRCh38	WES
CTAX002	HGP379.1 TUMOR CTAX2X11	xenograft	NOD.CB17-Prkdcscid/NCrCrl	11	RELN	protein_coding	5225G>A	SNV	cGg/cAg	R1742Q	missense_variant	PolyPhen: probably_damaging(0.963) | SIFT: tolerated(0.11)	150	0.6533	7	103561939	C	T		5649	NM_173054.2	ENSG00000189056	ENST00000428762	rs199553777,COSM1263985	GRCh38	WES
CTAX002	HGP379.1 TUMOR CTAX2X11	xenograft	NOD.CB17-Prkdcscid/NCrCrl	11	CARMIL2	protein_coding	832C>T	SNV	Cgg/Tgg	R278W	missense_variant	PolyPhen: possibly_damaging(0.841) | SIFT: deleterious(0)	150	0.5248	16	67647563	C	T		146206	XR_001751843.1	ENSG00000159753	ENST00000334583	rs747119629,COSM4061912,COSM4061913	GRCh38	WES
CTAX002	HGP379.1 TUMOR CTAX2X11	xenograft	NOD.CB17-Prkdcscid/NCrCrl	11	RNF113B	protein_coding	863C>T	SNV	cCg/cTg	P288L	missense_variant	PolyPhen: benign(0.322) | SIFT: tolerated(0.14)	150	1	13	98176374	G	A		140432	NM_178861.5	ENSG00000139797	ENST00000267291	COSM6767222	GRCh38	WES
CTAX002	HGP379.1 TUMOR CTAX2X11	xenograft	NOD.CB17-Prkdcscid/NCrCrl	11	RNF148	protein_coding	540dup	insertion	-/G	-180-181X	frameshift_variant		150	0.326	7	122702210	-	C		378925	NM_198085.2	ENSG00000235631	ENST00000434824	-	GRCh38	WES
CTAX002	HGP379.1 TUMOR CTAX2X11	xenograft	NOD.CB17-Prkdcscid/NCrCrl	11	RNF170	protein_coding		SNV	-		downstream_gene_variant		150	0.3416	8	42850871	C	T		81790	NR_027669.1	ENSG00000120925	ENST00000534961	rs73634689	GRCh38	WES
CTAX002	HGP379.1 TUMOR CTAX2X11	xenograft	NOD.CB17-Prkdcscid/NCrCrl	11	RNF19A	protein_coding	774G>A	SNV	tgG/tgA	W258*	stop_gained		150	0.2991	8	100275062	C	T		25897	XR_928315.3	ENSG00000034677	ENST00000519449	-	GRCh38	WES
CTAX002	HGP379.1 TUMOR CTAX2X11	xenograft	NOD.CB17-Prkdcscid/NCrCrl	11	RNF213	protein_coding	10450G>A	SNV	Ggc/Agc	G3484S	missense_variant	PolyPhen: benign(0.006) | SIFT: tolerated(0.57)	150	0.4744	17	80353538	G	A		57674	XM_005257545.4	ENSG00000173821	ENST00000582970	rs140300282	GRCh38	WES
CTAX002	HGP379.1 TUMOR CTAX2X11	xenograft	NOD.CB17-Prkdcscid/NCrCrl	11	RNF43	protein_coding	349del	deletion	Cgc/gc	R117X	frameshift_variant		150	0.4127	17	58370937	G	-		54894	NM_017763.5	ENSG00000108375	ENST00000584437	COSM1384762,COSM5470718	GRCh38	WES
CTAX002	HGP379.1 TUMOR CTAX2X11	xenograft	NOD.CB17-Prkdcscid/NCrCrl	11	RNF43	protein_coding	1976del	deletion	gGt/gt	G659X	frameshift_variant		150	0.4444	17	58357800	C	-		54894	NM_017763.5	ENSG00000108375	ENST00000584437	rs755128667,COSM270052,COSM6912755	GRCh38	WES
CTAX002	HGP379.1 TUMOR CTAX2X11	xenograft	NOD.CB17-Prkdcscid/NCrCrl	11	SAPCD2	protein_coding	965C>A	SNV	cCc/cAc	P322H	missense_variant	PolyPhen: probably_damaging(0.996) | SIFT: tolerated(0.07)	150	0.6471	9	137064954	G	T		89958	XM_011519180.3	ENSG00000186193	ENST00000409687	-	GRCh38	WES
CTAX002	HGP379.1 TUMOR CTAX2X11	xenograft	NOD.CB17-Prkdcscid/NCrCrl	11	SETMAR	protein_coding	1981T>G	SNV	Tac/Gac	Y661D	missense_variant	PolyPhen: probably_damaging(0.996) | SIFT: deleterious_low_confidence(0)	150	0.4583	3	4317172	T	G		6419	NM_006515.3	ENSG00000170364	ENST00000358065	-	GRCh38	WES
CTAX002	HGP379.1 TUMOR CTAX2X11	xenograft	NOD.CB17-Prkdcscid/NCrCrl	11	SMAD4	protein_coding	1525T>C	SNV	Tgg/Cgg	W509R	missense_variant	PolyPhen: probably_damaging(1) | SIFT: deleterious(0)	150	0.2387	18	51078333	T	C		4089	NM_005359.5	ENSG00000141646	ENST00000342988	CM1111087,COSM1389102	GRCh38	WES
CTAX002	HGP379.1 TUMOR CTAX2X11	xenograft	NOD.CB17-Prkdcscid/NCrCrl	11	SNAPC4	protein_coding	2609G>A	SNV	cGg/cAg	R870Q	missense_variant	PolyPhen: benign(0) | SIFT: tolerated(0.41)	150	0.549	9	136379218	C	T		6621	XR_001746368.1	ENSG00000165684	ENST00000298532	rs538491917	GRCh38	WES
CTAX002	HGP379.1 TUMOR CTAX2X11	xenograft	NOD.CB17-Prkdcscid/NCrCrl	11	CARD9	protein_coding		deletion	-		upstream_gene_variant		150	0.4138	9	136378013	CCAGGT	-		64170	NM_052813.4	ENSG00000187796	ENST00000371732	-	GRCh38	WES
CTAX002	HGP379.1 TUMOR CTAX2X11	xenograft	NOD.CB17-Prkdcscid/NCrCrl	11	SOX2	protein_coding	919G>A	SNV	Gcc/Acc	A307T	missense_variant	PolyPhen: benign(0.003) | SIFT: tolerated(0.18)	150	0.6263	3	181713279	G	A		6657	NM_003106.4	ENSG00000181449	ENST00000325404	rs769184831,COSM1732549	GRCh38	WES
CTAX002	HGP379.1 TUMOR CTAX2X11	xenograft	NOD.CB17-Prkdcscid/NCrCrl	11	SSX2IP	protein_coding	568C>T	SNV	Cga/Tga	R190*	stop_gained		150	0.4561	1	84664522	G	A		117178	XR_946540.1	ENSG00000117155	ENST00000342203	rs750923248	GRCh38	WES
CTAX002	HGP379.1 TUMOR CTAX2X11	xenograft	NOD.CB17-Prkdcscid/NCrCrl	11	STAG2	protein_coding	1555_1556del	deletion	caAGag/caag		frameshift_variant		150	0.9508	X	124061787	AG	-		10735	NM_001042749.2	ENSG00000101972	ENST00000218089	-	GRCh38	WES
CTAX002	HGP379.1 TUMOR CTAX2X11	xenograft	NOD.CB17-Prkdcscid/NCrCrl	11	TAF15	protein_coding	853del	deletion	aaG/aa	K283X	frameshift_variant		150	0.4255	17	35838489	G	-		8148	NM_139215.3	ENSG00000270647	ENST00000605844	-	GRCh38	WES
CTAX002	HGP379.1 TUMOR CTAX2X11	xenograft	NOD.CB17-Prkdcscid/NCrCrl	11	TAF15	protein_coding	1118G>T	SNV	aGg/aTg	R373M	missense_variant	PolyPhen: probably_damaging(0.999) | SIFT: deleterious_low_confidence(0)	150	0.4886	17	35844309	G	T		8148	NM_139215.3	ENSG00000270647	ENST00000605844	-	GRCh38	WES
CTAX002	HGP379.1 TUMOR CTAX2X11	xenograft	NOD.CB17-Prkdcscid/NCrCrl	11	TCERG1L	protein_coding	733G>A	SNV	Gcc/Acc	A245T	missense_variant	PolyPhen: benign(0.007) | SIFT: tolerated(0.22)	150	0.5833	10	131260382	C	T		256536	NM_174937.4	ENSG00000176769	ENST00000368642	rs372502353,COSM7393265,COSM7393266	GRCh38	WES
CTAX002	HGP379.1 TUMOR CTAX2X11	xenograft	NOD.CB17-Prkdcscid/NCrCrl	11	TCF12	protein_coding	355C>A	SNV	Ctg/Atg	L119M	missense_variant	PolyPhen: probably_damaging(0.986) | SIFT: tolerated(0.29)	150	0.459	15	57166431	C	A		6938	NM_001322151.1	ENSG00000140262	ENST00000438423	-	GRCh38	WES
CTAX002	HGP379.1 TUMOR CTAX2X11	xenograft	NOD.CB17-Prkdcscid/NCrCrl	11	TERT	protein_coding	2906A>G	SNV	aAc/aGc	N969S	missense_variant	PolyPhen: benign(0.015) | SIFT: tolerated(0.38)	150	0.4804	5	1260538	T	C		7015	NR_149163.1	ENSG00000164362	ENST00000310581	rs1285206716	GRCh38	WES
CTAX002	HGP379.1 TUMOR CTAX2X11	xenograft	NOD.CB17-Prkdcscid/NCrCrl	11	TNFAIP3	protein_coding	574G>T	SNV	Gaa/Taa	E192*	stop_gained		150	0.4958	6	137875775	G	T		7128	XM_011536095.1	ENSG00000118503	ENST00000612899	-	GRCh38	WES
CTAX002	HGP379.1 TUMOR CTAX2X11	xenograft	NOD.CB17-Prkdcscid/NCrCrl	11	TP53	protein_coding	267del	deletion	ccC/cc	P89X	frameshift_variant		150	0.5294	17	7676102	G	-		7157	NM_001126112.2	ENSG00000141510	ENST00000269305	rs587783062,COSM1180853,COSM1180854,COSM1268330,COSM2745060,COSM4336297	GRCh38	WES
CTAX002	HGP379.1 TUMOR CTAX2X11	xenograft	NOD.CB17-Prkdcscid/NCrCrl	11	TP53	protein_coding	817C>T	SNV	Cgt/Tgt	R273C	missense_variant	PolyPhen: probably_damaging(0.999) | SIFT: deleterious(0)	150	0.6857	17	7673803	G	A		7157	NM_001126112.2	ENSG00000141510	ENST00000269305	rs121913343,CM010471,CM010473,CM951233,COSM10659,COSM1645518,COSM3355991,COSM3719990,COSM3719991,COSM3719992,COSM3958801,COSM3958802,COSM417971,COSM43843,COSM43909,COSM44701,COSM99933	GRCh38	WES
CTAX002	HGP379.1 TUMOR CTAX2X11	xenograft	NOD.CB17-Prkdcscid/NCrCrl	11	TPR	protein_coding	2027A>G	SNV	cAg/cGg	Q676R	missense_variant	PolyPhen: benign(0.444) | SIFT: tolerated(0.16)	150	0.053	1	186355554	T	C		7175	NM_003292.3	ENSG00000047410	ENST00000367478	rs756622909	GRCh38	WES
CTAX002	HGP379.1 TUMOR CTAX2X11	xenograft	NOD.CB17-Prkdcscid/NCrCrl	11	TPRN	protein_coding	2024C>T	SNV	gCg/gTg	A675V	missense_variant	PolyPhen: benign(0.017) | SIFT: tolerated(0.13)	150	0.4533	9	137192308	G	A		286262	NM_001128228.3	ENSG00000176058	ENST00000409012	rs746314611	GRCh38	WES
CTAX002	HGP379.1 TUMOR CTAX2X11	xenograft	NOD.CB17-Prkdcscid/NCrCrl	11	TSC1	protein_coding	526T>C	SNV	Tat/Cat	Y176H	missense_variant	PolyPhen: benign(0.345) | SIFT: tolerated(0.09)	150	0.5238	9	132921956	A	G		7248	NM_000368.4	ENSG00000165699	ENST00000298552	-	GRCh38	WES
CTAX002	HGP379.1 TUMOR CTAX2X11	xenograft	NOD.CB17-Prkdcscid/NCrCrl	11	TSC2	protein_coding	4564A>G	SNV	Aat/Gat	N1522D	missense_variant	PolyPhen: benign(0.233) | SIFT: tolerated(0.3)	150	0.4886	16	2085021	A	G		7249	XM_011522638.2	ENSG00000103197	ENST00000219476	-	GRCh38	WES
CTAX002	HGP379.1 TUMOR CTAX2X11	xenograft	NOD.CB17-Prkdcscid/NCrCrl	11	TSHR	protein_coding	1721C>T	SNV	aCc/aTc	T574I	missense_variant	PolyPhen: probably_damaging(0.999) | SIFT: tolerated(1)	150	0.4439	14	81143779	C	T		7253	XM_005268037.4	ENSG00000165409	ENST00000541158	-	GRCh38	WES
CTAX002	HGP379.1 TUMOR CTAX2X11	xenograft	NOD.CB17-Prkdcscid/NCrCrl	11	XPC	protein_coding	467C>G	SNV	tCt/tGt	S156C	missense_variant	PolyPhen: possibly_damaging(0.818) | SIFT: tolerated(0.09)	150	0.4492	3	14168326	G	C		7508	XR_001740256.2	ENSG00000154767	ENST00000285021	-	GRCh38	WES
CTAX002	HGP379.1 TUMOR CTAX2X11	xenograft	NOD.CB17-Prkdcscid/NCrCrl	11	ZCRB1	protein_coding	419del	deletion	aAg/ag	K140X	frameshift_variant		150	0.4237	12	42313901	T	-		85437	NM_033114.4	ENSG00000139168	ENST00000266529	rs750821771,TMP_ESP_12_42707703_42707706,COSM1734499	GRCh38	WES
CTAX002	HGP379.1 TUMOR CTAX2X11	xenograft	NOD.CB17-Prkdcscid/NCrCrl	11	ZFHX3	protein_coding	5221_5223del	deletion	CAA/-	Q1741-	inframe_deletion		150	0.2766	16	72797459	TTG	-		463	NM_001164766.2	ENSG00000140836	ENST00000641206	rs34918837,COSM973528	GRCh38	WES
CTAX002	HGP379.1 TUMOR CTAX2X11	xenograft	NOD.CB17-Prkdcscid/NCrCrl	11	ZNF107	protein_coding	1082A>G	SNV	aAa/aGa	K361R	missense_variant	PolyPhen: probably_damaging(0.969) | SIFT: tolerated(1)	150	0.3333	7	64707179	A	G				ENSG00000196247	ENST00000620827	rs756615675	GRCh38	WES
CTAX002	HGP379.1 TUMOR CTAX2X11	xenograft	NOD.CB17-Prkdcscid/NCrCrl	11	ZNF12	protein_coding	509G>T	SNV	gGa/gTa	G170V	missense_variant	PolyPhen: benign(0.282) | SIFT: tolerated(0.54)	150	0.45	7	6692433	C	A		7559	NM_006956.3	ENSG00000164631	ENST00000405858	-	GRCh38	WES
CTAX002	HGP379.1 TUMOR CTAX2X11	xenograft	NOD.CB17-Prkdcscid/NCrCrl	11	ZNF124	protein_coding	488G>A	SNV	cGt/cAt	R163H	missense_variant	PolyPhen: benign(0) | SIFT: deleterious(0.03)	150	0.4409	1	247157134	C	T		7678	XR_001737398.2	ENSG00000196418	ENST00000543802	rs149682525	GRCh38	WES
CTAX002	HGP379.1 TUMOR CTAX2X11	xenograft	NOD.CB17-Prkdcscid/NCrCrl	11	ZNF154	protein_coding	790C>T	SNV	Cgg/Tgg	R264W	missense_variant	PolyPhen: benign(0) | SIFT: tolerated(0.05)	150	0.4077	19	57702159	G	A		7710	NR_110975.1	ENSG00000179909	ENST00000512439	rs756506973,COSM1002439	GRCh38	WES
CTAX002	HGP379.1 TUMOR CTAX2X11	xenograft	NOD.CB17-Prkdcscid/NCrCrl	11	ZNF195	protein_coding	1224A>T	SNV	aaA/aaT	K408N	missense_variant	PolyPhen: probably_damaging(0.985) | SIFT: deleterious(0)	150	0.4754	11	3359784	T	A		7748	NR_046381.1	ENSG00000005801	ENST00000399602	-	GRCh38	WES
CTAX002	HGP379.1 TUMOR CTAX2X11	xenograft	NOD.CB17-Prkdcscid/NCrCrl	11	ZNF212	protein_coding	562G>A	SNV	Gga/Aga	G188R	missense_variant	PolyPhen: benign(0.216) | SIFT: tolerated(0.18)	150	0.3429	7	149252726	G	A		7988	NM_012256.4	ENSG00000170260	ENST00000335870	rs141430858	GRCh38	WES
CTAX002	HGP379.1 TUMOR CTAX2X11	xenograft	NOD.CB17-Prkdcscid/NCrCrl	11	ZNF219	protein_coding	2074T>C	SNV	Tca/Cca	S692P	missense_variant	PolyPhen: benign(0.276) | SIFT: deleterious_low_confidence(0.04)	150	0.375	14	21090631	A	G		51222	NM_001102454.1	ENSG00000165804	ENST00000360947	-	GRCh38	WES
CTAX002	HGP379.1 TUMOR CTAX2X11	xenograft	NOD.CB17-Prkdcscid/NCrCrl	11	ZNF275	protein_coding	868G>A	SNV	Gcc/Acc	A290T	missense_variant	PolyPhen: benign(0.018) | SIFT: tolerated(0.3)	150	1	X	153347553	G	A		10838	NM_001367757.1	ENSG00000063587	ENST00000370251	rs1556961776	GRCh38	WES
CTAX002	HGP379.1 TUMOR CTAX2X11	xenograft	NOD.CB17-Prkdcscid/NCrCrl	11	ZNF91	protein_coding	1156G>A	SNV	Gct/Act	A386T	missense_variant	PolyPhen: possibly_damaging(0.808) | SIFT: tolerated(0.23)	150	0.1765	19	23361823	C	T		7644	XR_001753756.2	ENSG00000167232	ENST00000300619	rs403356	GRCh38	WES
CTAX002	HGP379.1 TUMOR CTAX2X11	xenograft	NOD.CB17-Prkdcscid/NCrCrl	11	ZNF98	protein_coding	260A>G	SNV	tAt/tGt	Y87C	missense_variant	PolyPhen: benign(0) | SIFT: tolerated(1)	150	0.1067	19	22392975	T	C		148198	NM_001098626.2	ENSG00000197360	ENST00000357774	rs200167484	GRCh38	WES
CTAX003	HGP397.1 TUMOR CTAX3X5	xenograft	NOD.CB17-Prkdcscid/NCrCrl	5	ABHD1	protein_coding	1042G>A	SNV	Gtt/Att	V348I	missense_variant	PolyPhen: benign(0.03) | SIFT: tolerated(0.14)	150	0.3284	2	27130568	G	A		84696	XM_024453180.1	ENSG00000143994	ENST00000316470	rs34178136	GRCh38	WES
CTAX003	HGP397.1 TUMOR CTAX3X5	xenograft	NOD.CB17-Prkdcscid/NCrCrl	5	ASXL1	protein_coding		SNV	cCg/cCg		synonymous_variant		150	1	20	32435156	T	C		171023	XM_017027706.1	ENSG00000171456	ENST00000375687	-	GRCh38	WES
CTAX003	HGP397.1 TUMOR CTAX3X5	xenograft	NOD.CB17-Prkdcscid/NCrCrl	5	BLM	protein_coding	2119C>T	SNV	Cct/Tct	P707S	missense_variant	PolyPhen: benign(0.047) | SIFT: tolerated(0.15)	150	1	15	90765340	C	T		641	NM_001287246.2	ENSG00000197299	ENST00000355112	rs146077918,COSM3505421	GRCh38	WES
CTAX003	HGP397.1 TUMOR CTAX3X5	xenograft	NOD.CB17-Prkdcscid/NCrCrl	5	BRCA2	protein_coding	10234A>G	SNV	Att/Gtt	I3412V	missense_variant	PolyPhen: benign(0.009) | SIFT: tolerated(0.15)	150	0.708	13	32398747	A	G		675	NM_000059.3	ENSG00000139618	ENST00000380152	rs1801426,CM970189,COSM4987871	GRCh38	WES
CTAX003	HGP397.1 TUMOR CTAX3X5	xenograft	NOD.CB17-Prkdcscid/NCrCrl	5	CEP170	protein_coding	2375C>A	SNV	tCa/tAa	S792*	stop_gained		150	0.0851	1	243165585	G	T		9859	XM_011544341.3	ENSG00000143702	ENST00000366542	rs2728433	GRCh38	WES
CTAX003	HGP397.1 TUMOR CTAX3X5	xenograft	NOD.CB17-Prkdcscid/NCrCrl	5	CFHR1	protein_coding	469C>T	SNV	Cat/Tat	H157Y	missense_variant	PolyPhen: benign(0.147) | SIFT: tolerated(1)	150	0.0995	1	196828108	C	T		3078	XM_011509457.2	ENSG00000244414	ENST00000320493	rs425757	GRCh38	WES
CTAX003	HGP397.1 TUMOR CTAX3X5	xenograft	NOD.CB17-Prkdcscid/NCrCrl	5	CFHR1	protein_coding	475C>G	SNV	Ctg/Gtg	L159V	missense_variant	PolyPhen: benign(0) | SIFT: tolerated(0.8)	150	0.0842	1	196828114	C	G		3078	XM_011509457.2	ENSG00000244414	ENST00000320493	rs410232	GRCh38	WES
CTAX003	HGP397.1 TUMOR CTAX3X5	xenograft	NOD.CB17-Prkdcscid/NCrCrl	5	DAXX	protein_coding	2075G>A	SNV	gGc/gAc	G692D	missense_variant	PolyPhen: possibly_damaging(0.602) | SIFT: tolerated(0.12)	150	1	6	33319085	C	T		1616	NM_001254717.1	ENSG00000204209	ENST00000266000	-	GRCh38	WES
CTAX003	HGP397.1 TUMOR CTAX3X5	xenograft	NOD.CB17-Prkdcscid/NCrCrl	5	ERBIN	protein_coding	2236A>G	SNV	Aaa/Gaa	K746E	missense_variant	PolyPhen: benign(0.254) | SIFT: deleterious_low_confidence(0)	150	0.5976	5	66053554	A	G		55914	NM_001006600.2	ENSG00000112851	ENST00000506030	rs16894812	GRCh38	WES
CTAX003	HGP397.1 TUMOR CTAX3X5	xenograft	NOD.CB17-Prkdcscid/NCrCrl	5	FANCF	protein_coding	47C>A	SNV	gCg/gAg	A16E	missense_variant	PolyPhen: possibly_damaging(0.708) | SIFT: deleterious(0.02)	150	0.8889	11	22625764	G	T		2188	NM_022725.3	ENSG00000183161	ENST00000327470	-	GRCh38	WES
CTAX003	HGP397.1 TUMOR CTAX3X5	xenograft	NOD.CB17-Prkdcscid/NCrCrl	5	FANCG	protein_coding	890C>T	SNV	aCa/aTa	T297I	missense_variant	PolyPhen: benign(0.076) | SIFT: tolerated(0.09)	150	0.3599	9	35076758	G	A		2189	NM_004629.1	ENSG00000221829	ENST00000378643	rs2237857,CM015016,COSM150601	GRCh38	WES
CTAX003	HGP397.1 TUMOR CTAX3X5	xenograft	NOD.CB17-Prkdcscid/NCrCrl	5	HOXD13	protein_coding	183_191del	deletion	GCGGCGGCA/-		inframe_deletion		150	0.8529	2	176093065	GCGGCGGCA	-		3239	XM_011511068.2	ENSG00000128714	ENST00000392539	rs749930395,TMP_ESP_2_176957793_176957801,COSM5671204	GRCh38	WES
CTAX003	HGP397.1 TUMOR CTAX3X5	xenograft	NOD.CB17-Prkdcscid/NCrCrl	5	IL22RA1	protein_coding	1219A>G	SNV	Atg/Gtg	M407V	missense_variant	PolyPhen: benign(0) | SIFT: tolerated(1)	150	0.5124	1	24121311	T	C		58985	XM_011541882.1	ENSG00000142677	ENST00000270800	rs35401673	GRCh38	WES
CTAX003	HGP397.1 TUMOR CTAX3X5	xenograft	NOD.CB17-Prkdcscid/NCrCrl	5	KIAA1549	protein_coding	1090A>G	SNV	Act/Gct	T364A	missense_variant	PolyPhen: benign(0.003) | SIFT: tolerated(0.61)	150	0.2544	7	138918536	T	C		57670	XM_011516442.2	ENSG00000122778	ENST00000422774	rs59985563	GRCh38	WES
CTAX003	HGP397.1 TUMOR CTAX3X5	xenograft	NOD.CB17-Prkdcscid/NCrCrl	5	KIRREL1	protein_coding	1184T>G	SNV	aTc/aGc	I395S	missense_variant	PolyPhen: probably_damaging(0.957) | SIFT: deleterious(0)	150	0.3243	1	158089730	T	G		55243	NM_001286349.1	ENSG00000183853	ENST00000359209	-	GRCh38	WES
CTAX003	HGP397.1 TUMOR CTAX3X5	xenograft	NOD.CB17-Prkdcscid/NCrCrl	5	KIRREL2	protein_coding	221G>A	SNV	cGg/cAg	R74Q	missense_variant	PolyPhen: probably_damaging(0.998) | SIFT: tolerated(0.06)	150	0.3654	19	35858417	G	A		84063	XM_011527362.1	ENSG00000126259	ENST00000360202	rs201732327,COSM5343291,COSM5343292	GRCh38	WES
CTAX003	HGP397.1 TUMOR CTAX3X5	xenograft	NOD.CB17-Prkdcscid/NCrCrl	5	MRPL57	protein_coding	305C>G	SNV	tCc/tGc	S102C	missense_variant	PolyPhen: possibly_damaging(0.789) | SIFT: deleterious(0.01)	150	0.28	13	21177221	C	G		78988	XM_017020740.2	ENSG00000173141	ENST00000309594	rs146280426,COSM223623	GRCh38	WES
CTAX003	HGP397.1 TUMOR CTAX3X5	xenograft	NOD.CB17-Prkdcscid/NCrCrl	5	NOTCH1	protein_coding	6980G>A	SNV	cGg/cAg	R2327Q	missense_variant	PolyPhen: benign(0.439) | SIFT: tolerated(0.34)	150	0.6526	9	136496759	C	T		4851	NM_017617.5	ENSG00000148400	ENST00000651671	rs202065858,COSM5751756,COSM5751757	GRCh38	WES
CTAX003	HGP397.1 TUMOR CTAX3X5	xenograft	NOD.CB17-Prkdcscid/NCrCrl	5	NOTCH1	protein_coding	1045A>C	SNV	Acc/Ccc	T349P	missense_variant	PolyPhen: probably_damaging(0.998) | SIFT: deleterious(0.01)	150	0.0504	9	136518645	T	G		4851	NM_017617.5	ENSG00000148400	ENST00000651671	rs200520088,COSM4163566,COSM4163567	GRCh38	WES
CTAX003	HGP397.1 TUMOR CTAX3X5	xenograft	NOD.CB17-Prkdcscid/NCrCrl	5	NOTCH2	protein_coding	61G>A	SNV	Gcc/Acc	A21T	missense_variant	PolyPhen: benign(0.006) | SIFT: tolerated(0.57)	150	0.1944	1	120069346	C	T		4853	NM_024408.4	ENSG00000134250	ENST00000256646	rs2603926,COSM1600651	GRCh38	WES
CTAX003	HGP397.1 TUMOR CTAX3X5	xenograft	NOD.CB17-Prkdcscid/NCrCrl	5	NSMAF	protein_coding	188A>G	SNV	tAc/tGc	Y63C	missense_variant	PolyPhen: possibly_damaging(0.897) | SIFT: deleterious(0)	150	0.4502	8	58643038	T	C		8439	NM_001144772.1	ENSG00000035681	ENST00000427130	rs748411122	GRCh38	WES
CTAX003	HGP397.1 TUMOR CTAX3X5	xenograft	NOD.CB17-Prkdcscid/NCrCrl	5	PCDH10	protein_coding	2287_2289del	deletion	ctCTGc/ctc		inframe_deletion		150	0.0598	4	133152414	CTG	-		57575	XM_011532150.2	ENSG00000138650	ENST00000264360	rs765578069,COSM1724945	GRCh38	WES
CTAX003	HGP397.1 TUMOR CTAX3X5	xenograft	NOD.CB17-Prkdcscid/NCrCrl	5	PHOX2B	protein_coding	756_776del	deletion	gcGGCGGCAGCGGCAGCGGCGGCa/gca		inframe_deletion		150	0.3571	4	41745976	GCCGCCGCTGCCGCTGCCGCC	-		8929	NM_003924.3	ENSG00000109132	ENST00000226382	rs17879189,TMP_ESP_4_41747993_41748013	GRCh38	WES
CTAX003	HGP397.1 TUMOR CTAX3X5	xenograft	NOD.CB17-Prkdcscid/NCrCrl	5	RSPH10B	protein_coding		SNV	-		upstream_gene_variant		150	0.5385	7	5973418	C	G		222967	XM_011515204.2	ENSG00000155026	ENST00000405415	rs1802683	GRCh38	WES
CTAX003	HGP397.1 TUMOR CTAX3X5	xenograft	NOD.CB17-Prkdcscid/NCrCrl	5	PRELID3B	protein_coding	503A>G	SNV	aAt/aGt	N168S	missense_variant	PolyPhen: benign(0.1) | SIFT: tolerated(0.2)	150	0.1788	20	59035089	T	C		51012	NM_001256403.2	ENSG00000101166	ENST00000355937	-	GRCh38	WES
CTAX003	HGP397.1 TUMOR CTAX3X5	xenograft	NOD.CB17-Prkdcscid/NCrCrl	5	DISP3	protein_coding	2527G>A	SNV	Gct/Act	A843T	missense_variant	PolyPhen: benign(0.001) | SIFT: tolerated_low_confidence(0.6)	150	0.4412	1	11525226	G	A		57540	XR_946717.2	ENSG00000204624	ENST00000294484	rs200276700	GRCh38	WES
CTAX003	HGP397.1 TUMOR CTAX3X5	xenograft	NOD.CB17-Prkdcscid/NCrCrl	5	PTPRQ	protein_coding	4285+10_4285+27del	deletion	-		splice_donor_variant,coding_sequence_variant,intron_variant		150	0.5161	12	80549727	TGAAACAGGTAACTAACG	-		374462	XR_001748688.1	ENSG00000139304	ENST00000644991	rs141686707,TMP_ESP_12_80943506_80943523	GRCh38	WES
CTAX003	HGP397.1 TUMOR CTAX3X5	xenograft	NOD.CB17-Prkdcscid/NCrCrl	5	RNF122	protein_coding	431C>T	SNV	aCg/aTg	T144M	missense_variant	PolyPhen: benign(0.089) | SIFT: tolerated(0.14)	150	1	8	33548790	G	A		79845	NM_024787.3	ENSG00000133874	ENST00000256257	rs374015683	GRCh38	WES
CTAX003	HGP397.1 TUMOR CTAX3X5	xenograft	NOD.CB17-Prkdcscid/NCrCrl	5	RNF123	protein_coding	1327C>T	SNV	Cgt/Tgt	R443C	missense_variant	PolyPhen: probably_damaging(0.993) | SIFT: deleterious_low_confidence(0)	150	1	3	49701540	C	T		63891	NR_135218.1	ENSG00000164068	ENST00000327697	rs146225272	GRCh38	WES
CTAX003	HGP397.1 TUMOR CTAX3X5	xenograft	NOD.CB17-Prkdcscid/NCrCrl	5	RNF224	protein_coding	198_199del	deletion	ccCTgt/ccgt		frameshift_variant		150	0.5962	9	137228813	CT	-		643596	NM_001190228.1	ENSG00000233198	ENST00000445101	rs59816380,COSM5446405	GRCh38	WES
CTAX003	HGP397.1 TUMOR CTAX3X5	xenograft	NOD.CB17-Prkdcscid/NCrCrl	5	RNF224	protein_coding	410G>A	SNV	aGa/aAa	R137K	missense_variant	PolyPhen: benign(0.049) | SIFT: tolerated(0.37)	150	0.7312	9	137229025	G	A		643596	NM_001190228.1	ENSG00000233198	ENST00000445101	rs73671307,COSM4163627	GRCh38	WES
CTAX003	HGP397.1 TUMOR CTAX3X5	xenograft	NOD.CB17-Prkdcscid/NCrCrl	5	SLC34A2	protein_coding	1819G>A	SNV	Gtc/Atc	V607I	missense_variant	PolyPhen: benign(0.003) | SIFT: tolerated(1)	150	0.5195	4	25676495	G	A		10568	NM_006424.3	ENSG00000157765	ENST00000382051	rs199853390,COSM1739047	GRCh38	WES
CTAX003	HGP397.1 TUMOR CTAX3X5	xenograft	NOD.CB17-Prkdcscid/NCrCrl	5	SMAD2	protein_coding	520G>C	SNV	Gtt/Ctt	V174L	missense_variant,splice_region_variant	PolyPhen: benign(0.125) | SIFT: deleterious(0.03)	150	1	18	47869243	C	G		4087	NM_001003652.4	ENSG00000175387	ENST00000262160	-	GRCh38	WES
CTAX003	HGP397.1 TUMOR CTAX3X5	xenograft	NOD.CB17-Prkdcscid/NCrCrl	5	TP53	protein_coding	404G>A	SNV	tGc/tAc	C135Y	missense_variant	PolyPhen: probably_damaging(1) | SIFT: deleterious(0)	150	0.6974	17	7675208	C	T		7157	NM_001126112.2	ENSG00000141510	ENST00000269305	rs587781991,COSM10647,COSM10801,COSM1750372,COSM2744945,COSM2744946,COSM300818,COSM300819,COSM300820,COSM300821,COSM303849,COSM303850,COSM303851,COSM303852,COSM3691869,COSM3820723,COSM3932747,COSM44643,COSM5369713,COSM5369714,COSM5369715,COSM5369716,COSM5369717,COSM5369718,COSM5369719,COSM5751219,COSM5751220,COSM5751221,COSM5751222,COSM5751223,COSM5751224,COSM5751225,COSM99598,COSM99599,COSM99600,COSM99601	GRCh38	WES
CTAX003	HGP397.1 TUMOR CTAX3X5	xenograft	NOD.CB17-Prkdcscid/NCrCrl	5	TPRN	protein_coding	1073T>C	SNV	cTg/cCg	L358P	missense_variant	PolyPhen: benign(0.018) | SIFT: tolerated(0.18)	150	0.6389	9	137199639	A	G		286262	NM_001128228.3	ENSG00000176058	ENST00000409012	rs60910563	GRCh38	WES
CTAX003	HGP397.1 TUMOR CTAX3X5	xenograft	NOD.CB17-Prkdcscid/NCrCrl	5	TPRN	protein_coding	891C>G	SNV	ttC/ttG	F297L	missense_variant	PolyPhen: probably_damaging(0.991) | SIFT: deleterious(0)	150	0.6205	9	137199821	G	C		286262	NM_001128228.3	ENSG00000176058	ENST00000409012	rs147404722	GRCh38	WES
CTAX003	HGP397.1 TUMOR CTAX3X5	xenograft	NOD.CB17-Prkdcscid/NCrCrl	5	TRIM33	protein_coding	3038A>G	SNV	aAa/aGa	K1013R	missense_variant	PolyPhen: benign(0.013) | SIFT: tolerated(0.29)	150	0.5425	1	114399539	T	C		51592	XM_011541568.3	ENSG00000197323	ENST00000358465	-	GRCh38	WES
CTAX003	HGP397.1 TUMOR CTAX3X5	xenograft	NOD.CB17-Prkdcscid/NCrCrl	5	TSC2	protein_coding	5117G>A	SNV	cGc/cAc	R1706H	missense_variant	PolyPhen: benign(0.007) | SIFT: tolerated(0.1)	150	0.6557	16	2088096	G	A		7249	XM_011522638.2	ENSG00000103197	ENST00000219476	rs45517392,COSM4578788,COSM4578789	GRCh38	WES
CTAX003	HGP397.1 TUMOR CTAX3X5	xenograft	NOD.CB17-Prkdcscid/NCrCrl	5	WASF2	protein_coding	1037C>T	SNV	aCg/aTg	T346M	missense_variant	PolyPhen: benign(0.125) | SIFT: tolerated(0.12)	150	0.4643	1	27409994	G	A		10163	NM_001201404.3	ENSG00000158195	ENST00000618852	rs148128361	GRCh38	WES
CTAX003	HGP397.1 TUMOR CTAX3X5	xenograft	NOD.CB17-Prkdcscid/NCrCrl	5	ZNF134	protein_coding	1044A>C	SNV	gaA/gaC	E348D	missense_variant	PolyPhen: benign(0.003) | SIFT: tolerated(0.2)	150	0.3796	19	57621163	A	C		7693	NM_003435.5	ENSG00000213762	ENST00000396161	-	GRCh38	WES
CTAX003	HGP397.1 TUMOR CTAX3X5	xenograft	NOD.CB17-Prkdcscid/NCrCrl	5	ZNF185	protein_coding	494_496del	deletion	GAG/-	E159-	inframe_deletion		150	0.053	X	152919026	GAG	-		7739	XM_017029821.1	ENSG00000147394	ENST00000535861	rs781814997,TMP_ESP_X_152087570_152087572,COSM1319486,COSM1319487	GRCh38	WES
CTAX003	HGP397.1 TUMOR CTAX3X5	xenograft	NOD.CB17-Prkdcscid/NCrCrl	5	ZNF239	protein_coding	515C>G	SNV	gCt/gGt	A172G	missense_variant	PolyPhen: benign(0.118) | SIFT: deleterious(0.04)	150	0.2008	10	43557565	G	C		8187	XM_011540234.2	ENSG00000196793	ENST00000306006	rs2230660	GRCh38	WES
CTAX003	HGP397.1 TUMOR CTAX3X5	xenograft	NOD.CB17-Prkdcscid/NCrCrl	5	ZNF98	protein_coding	260A>G	SNV	tAt/tGt	Y87C	missense_variant	PolyPhen: benign(0) | SIFT: tolerated(1)	150	0.0778	19	22392975	T	C		148198	NM_001098626.2	ENSG00000197360	ENST00000357774	rs200167484	GRCh38	WES
CTAX003	HGP397.1 TUMOR CTAX3X5	xenograft	NOD.CB17-Prkdcscid/NCrCrl	5	ZNF99	protein_coding	452T>G	SNV	gTg/gGg	V151G	missense_variant	PolyPhen: benign(0.001) | SIFT: tolerated(0.43)	150	0.0769	19	22759457	A	C		7652	NM_001080409.3	ENSG00000213973	ENST00000596209	-	GRCh38	WES
M042	HGP403.1 TUMOR M42X3	xenograft	NOD.CB17-Prkdcscid/NCrCrl	3	CYLD	protein_coding	470_480del	deletion	aGGACAGTCTCC/a		frameshift_variant		150	0.2537	16	50750165	GGACAGTCTCC	-		1540	XR_933218.1	ENSG00000083799	ENST00000427738	-	GRCh38	WES
M042	HGP403.1 TUMOR M42X3	xenograft	NOD.CB17-Prkdcscid/NCrCrl	3	IKZF1	protein_coding	1335_1356del	deletion	TCGCAGGACGCGCTCCGCGTGGtc/tc		frameshift_variant		150	0.2171	7	50400400	TCGCAGGACGCGCTCCGCGTGG	-		10320	XM_011515078.2	ENSG00000185811	ENST00000331340	-	GRCh38	WES
M042	HGP403.1 TUMOR M42X3	xenograft	NOD.CB17-Prkdcscid/NCrCrl	3	JUNB	protein_coding	139_155del	deletion	ccCTACCGGAGTCTCAAAGcg/cccg		frameshift_variant		150	0.1934	19	12791909	CTACCGGAGTCTCAAAG	-		3726	NM_002229.3	ENSG00000171223	ENST00000302754	-	GRCh38	WES
M042	HGP403.1 TUMOR M42X3	xenograft	NOD.CB17-Prkdcscid/NCrCrl	3	PTPRM	protein_coding	2742_2748del	deletion	AAGGAGGaa/aa		frameshift_variant		150	0.1887	18	8253400	AAGGAGG	-		5797	XR_001753258.1	ENSG00000173482	ENST00000580170	-	GRCh38	WES
M042	HGP403.1 TUMOR M42X3	xenograft	NOD.CB17-Prkdcscid/NCrCrl	3	TP53	protein_coding	170del	deletion	gAc/gc	D57X	frameshift_variant		150	0.9773	17	7676199	T	-		7157	NM_001126112.2	ENSG00000141510	ENST00000269305	-	GRCh38	WES
M042	HGP403.1 TUMOR M42X3	xenograft	NOD.CB17-Prkdcscid/NCrCrl	3	SLC25A1	protein_coding		insertion	-		upstream_gene_variant		150	0.4444	22	19183561	-	T		6576	NR_046298.2	ENSG00000100075	ENST00000215882	rs375471950,TMP_ESP_22_19171075_19171074	GRCh38	WES
M042	HGP403.1 TUMOR M42X3	xenograft	NOD.CB17-Prkdcscid/NCrCrl	3	ARID1A	protein_coding	3999_4001del	deletion	ccGCAg/ccg		inframe_deletion		150	0.051	1	26773691	GCA	-		8289	NM_006015.6	ENSG00000117713	ENST00000324856	rs374564889,COSM298325	GRCh38	WES
M042	HGP403.1 TUMOR M42X3	xenograft	NOD.CB17-Prkdcscid/NCrCrl	3	LHFPL3	protein_coding	-4_-2del	deletion	-		5_prime_UTR_variant		150	0.068	7	104328801	GCC	-		375612	NM_199000.2	ENSG00000187416	ENST00000424859	rs745895032,TMP_ESP_7_103969249_103969260,COSM4614558,COSM4614559	GRCh38	WES
M042	HGP403.1 TUMOR M42X3	xenograft	NOD.CB17-Prkdcscid/NCrCrl	3	PCDH15	protein_coding	5308_5313del	deletion	GCTCCT/-		inframe_deletion		150	0.3	10	53822434	AGGAGC	-		65217	XR_001747193.2	ENSG00000150275	ENST00000373957	rs397517465,TMP_ESP_10_55582194_55582199,COSM4573661,COSM4573662	GRCh38	WES
M042	HGP403.1 TUMOR M42X3	xenograft	NOD.CB17-Prkdcscid/NCrCrl	3	TP53BP1	protein_coding	1362_1367del	deletion	ccTATCCCa/cca		inframe_deletion		150	0.5	15	43469880	GGGATA	-		7158	XR_001751382.2	ENSG00000067369	ENST00000382044	rs28903074,rs540564502	GRCh38	WES
M042	HGP403.1 TUMOR M42X3	xenograft	NOD.CB17-Prkdcscid/NCrCrl	3	TP53INP1	protein_coding	150_152del	deletion	gaAGAg/gag		inframe_deletion		150	0.062	8	94940181	TCT	-		94241	NM_033285.4	ENSG00000164938	ENST00000342697	rs563445319,TMP_ESP_8_95952409_95952411,COSM1102703,COSM1745188,COSM5338065	GRCh38	WES
M042	HGP403.1 TUMOR M42X3	xenograft	NOD.CB17-Prkdcscid/NCrCrl	3	TPRN	protein_coding	1842_1844del	deletion	gaGGAa/gaa		inframe_deletion		150	0.0608	9	137192573	TCC	-		286262	NM_001128228.3	ENSG00000176058	ENST00000409012	rs376810326,TMP_ESP_9_140087025_140087039,COSM1598191,COSM301223	GRCh38	WES
M042	HGP403.1 TUMOR M42X3	xenograft	NOD.CB17-Prkdcscid/NCrCrl	3	KDM6B	protein_coding	786_791dup	insertion	tta/ttACCACCa		inframe_insertion		150	0.2105	17	7846859	-	ACCACC		23135	XM_005256549.3	ENSG00000132510	ENST00000254846	rs61462443	GRCh38	WES
M042	HGP403.1 TUMOR M42X3	xenograft	NOD.CB17-Prkdcscid/NCrCrl	3	MN1	protein_coding	1593_1598dup	insertion	-/CAGCAG		inframe_insertion		150	0.3103	22	27798962	-	CTGCTG		4330	NM_002430.3	ENSG00000169184	ENST00000302326	-	GRCh38	WES
M042	HGP403.1 TUMOR M42X3	xenograft	NOD.CB17-Prkdcscid/NCrCrl	3	PRCC	protein_coding	834_839dup	insertion	tcc/tCCCTCCcc		inframe_insertion		150	0.2	1	156786923	-	CCCTCC		5546	XR_921868.3	ENSG00000143294	ENST00000271526	-	GRCh38	WES
M042	HGP403.1 TUMOR M42X3	xenograft	NOD.CB17-Prkdcscid/NCrCrl	3	ACY1	protein_coding	50G>A	SNV	cGc/cAc	R17H	missense_variant	PolyPhen: probably_damaging(0.999) | SIFT: deleterious(0)	150	1	3	51984114	G	A		95	NM_000666.3	ENSG00000243989	ENST00000404366	rs1048430125	GRCh38	WES
M042	HGP403.1 TUMOR M42X3	xenograft	NOD.CB17-Prkdcscid/NCrCrl	3	AKAP9	protein_coding	80C>T	SNV	tCg/tTg	S27L	missense_variant	PolyPhen: possibly_damaging(0.481) | SIFT: tolerated(0.07)	150	0.3704	7	91973742	C	T		10142	NM_147185.3	ENSG00000127914	ENST00000356239	rs142401936	GRCh38	WES
M042	HGP403.1 TUMOR M42X3	xenograft	NOD.CB17-Prkdcscid/NCrCrl	3	AMER1	protein_coding	1102G>C	SNV	Ggt/Cgt	G368R	missense_variant	PolyPhen: probably_damaging(1) | SIFT: deleterious(0)	150	0.5111	X	64192185	C	G		139285	NM_152424.4	ENSG00000184675	ENST00000374869	-	GRCh38	WES
M042	HGP403.1 TUMOR M42X3	xenograft	NOD.CB17-Prkdcscid/NCrCrl	3	ANAPC1	protein_coding	2300A>G	SNV	cAc/cGc	H767R	missense_variant	PolyPhen: probably_damaging(0.987) | SIFT: deleterious(0)	150	0.1067	2	111834688	T	C		64682	XM_017004710.2	ENSG00000153107	ENST00000341068	rs1553426605	GRCh38	WES
M042	HGP403.1 TUMOR M42X3	xenograft	NOD.CB17-Prkdcscid/NCrCrl	3	BRAF	protein_coding	1799T>A	SNV	gTg/gAg	V600E	missense_variant	PolyPhen: probably_damaging(0.927) | SIFT: deleterious(0)	150	0.45	7	140753336	A	T		673	XR_001744858.1	ENSG00000157764	ENST00000496384	rs113488022,CM112509,COSM18443,COSM476,COSM6137	GRCh38	WES
M042	HGP403.1 TUMOR M42X3	xenograft	NOD.CB17-Prkdcscid/NCrCrl	3	CANT1	protein_coding	56G>A	SNV	cGg/cAg	R19Q	missense_variant	PolyPhen: possibly_damaging(0.652) | SIFT: tolerated_low_confidence(0.11)	150	1	17	78997567	C	T		124583	XR_001752424.2	ENSG00000171302	ENST00000302345	rs144060377	GRCh38	WES
M042	HGP403.1 TUMOR M42X3	xenograft	NOD.CB17-Prkdcscid/NCrCrl	3	CCDC65	protein_coding	360C>A	SNV	caC/caA	H120Q	missense_variant	PolyPhen: probably_damaging(0.948) | SIFT: deleterious(0.02)	150	0.2609	12	48914463	C	A		85478	NM_033124.5	ENSG00000139537	ENST00000320516	-	GRCh38	WES
M042	HGP403.1 TUMOR M42X3	xenograft	NOD.CB17-Prkdcscid/NCrCrl	3	CDH18	protein_coding	1699C>T	SNV	Ccc/Tcc	P567S	missense_variant	PolyPhen: probably_damaging(0.994) | SIFT: deleterious(0.01)	150	0.6667	5	19483484	G	A		1016	NM_001349562.2	ENSG00000145526	ENST00000382275	COSM1066983,COSM1066984	GRCh38	WES
M042	HGP403.1 TUMOR M42X3	xenograft	NOD.CB17-Prkdcscid/NCrCrl	3	CNOT3	protein_coding	836C>T	SNV	aCg/aTg	T279M	missense_variant,splice_region_variant	PolyPhen: possibly_damaging(0.818) | SIFT: tolerated(0.05)	150	0.2558	19	54146042	C	T		4849	XR_002958318.1	ENSG00000088038	ENST00000358389	rs768826017	GRCh38	WES
M042	HGP403.1 TUMOR M42X3	xenograft	NOD.CB17-Prkdcscid/NCrCrl	3	DAXX	protein_coding	1529C>T	SNV	cCt/cTt	P510L	missense_variant	PolyPhen: benign(0.229) | SIFT: deleterious(0)	150	0.3	6	33319791	G	A		1616	NM_001254717.1	ENSG00000204209	ENST00000266000	-	GRCh38	WES
M042	HGP403.1 TUMOR M42X3	xenograft	NOD.CB17-Prkdcscid/NCrCrl	3	DEK	protein_coding	835A>C	SNV	Agt/Cgt	S279R	missense_variant	PolyPhen: benign(0.02) | SIFT: tolerated(0.33)	150	0.5065	6	18237444	T	G		7913	XR_001743635.2	ENSG00000124795	ENST00000652689	-	GRCh38	WES
M042	HGP403.1 TUMOR M42X3	xenograft	NOD.CB17-Prkdcscid/NCrCrl	3	DICER1	protein_coding	4891T>G	SNV	Tct/Gct	S1631A	missense_variant	PolyPhen: benign(0.003) | SIFT: tolerated(0.78)	150	0.2585	14	95096029	A	C		23405	XM_017021121.2	ENSG00000100697	ENST00000526495	rs145551486,COSM7364364	GRCh38	WES
M042	HGP403.1 TUMOR M42X3	xenograft	NOD.CB17-Prkdcscid/NCrCrl	3	ELMO1	protein_coding	13G>A	SNV	Gcg/Acg	A5T	missense_variant	PolyPhen: benign(0.011) | SIFT: tolerated(0.23)	150	0.3766	7	37342678	C	T				ENSG00000155849	ENST00000310758	rs146510671,COSM70596	GRCh38	WES
M042	HGP403.1 TUMOR M42X3	xenograft	NOD.CB17-Prkdcscid/NCrCrl	3	ERBIN	protein_coding	2777T>C	SNV	gTa/gCa	V926A	missense_variant	PolyPhen: benign(0.242) | SIFT: deleterious(0.01)	150	0.4457	5	66054095	T	C		55914	NM_001006600.2	ENSG00000112851	ENST00000506030	-	GRCh38	WES
M042	HGP403.1 TUMOR M42X3	xenograft	NOD.CB17-Prkdcscid/NCrCrl	3	EXT2	protein_coding	797A>G	SNV	tAt/tGt	Y266C	missense_variant	PolyPhen: possibly_damaging(0.866) | SIFT: deleterious(0)	150	0.4444	11	44114256	A	G		2132	NM_207122.1	ENSG00000151348	ENST00000395673	rs146316660,COSM4769831,COSM4769832	GRCh38	WES
M042	HGP403.1 TUMOR M42X3	xenograft	NOD.CB17-Prkdcscid/NCrCrl	3	FASTKD2	protein_coding	1935T>G	SNV	tgT/tgG	C645W	missense_variant	PolyPhen: probably_damaging(1) | SIFT: deleterious(0)	150	0.1973	2	206790608	T	G		22868	NM_001136194.1	ENSG00000118246	ENST00000402774	COSM4090610	GRCh38	WES
M042	HGP403.1 TUMOR M42X3	xenograft	NOD.CB17-Prkdcscid/NCrCrl	3	FBXW7	protein_coding	1322G>A	SNV	cGg/cAg	R441Q	missense_variant	PolyPhen: probably_damaging(0.971) | SIFT: deleterious(0.03)	150	0.418	4	152328304	C	T		55294	NM_001349798.2	ENSG00000109670	ENST00000603548	COSM1052091,COSM1052092,COSM1052093,COSM1052094,COSM1154294,COSM1177744,COSM1177745,COSM1177746,COSM1177747,COSM1177748,COSM1427752,COSM161023,COSM161024,COSM161025,COSM161026,COSM6984859	GRCh38	WES
M042	HGP403.1 TUMOR M42X3	xenograft	NOD.CB17-Prkdcscid/NCrCrl	3	JAK2	protein_coding	2297A>T	SNV	tAt/tTt	Y766F	missense_variant	PolyPhen: probably_damaging(0.999) | SIFT: deleterious(0.01)	150	0.4918	9	5080546	A	T		3717	NM_001322194.1	ENSG00000096968	ENST00000381652	-	GRCh38	WES
M042	HGP403.1 TUMOR M42X3	xenograft	NOD.CB17-Prkdcscid/NCrCrl	3	KIRREL1	protein_coding	238G>A	SNV	Gct/Act	A80T	missense_variant	PolyPhen: benign(0.102) | SIFT: tolerated(0.46)	150	0.4645	1	158078026	G	A		55243	NM_001286349.1	ENSG00000183853	ENST00000359209	rs12081249	GRCh38	WES
M042	HGP403.1 TUMOR M42X3	xenograft	NOD.CB17-Prkdcscid/NCrCrl	3	LHFPL1	protein_coding	395G>T	SNV	aGc/aTc	S132I	missense_variant	PolyPhen: benign(0.23) | SIFT: tolerated(0.25)	150	0.3603	X	112660713	C	A		340596	NM_178175.4	ENSG00000182508	ENST00000371968	-	GRCh38	WES
M042	HGP403.1 TUMOR M42X3	xenograft	NOD.CB17-Prkdcscid/NCrCrl	3	MLLT10	protein_coding	1639C>T	SNV	Cgg/Tgg	R547W	missense_variant	PolyPhen: benign(0.18) | SIFT: tolerated(0.12)	150	0.1841	10	21681349	C	T		8028	NR_136736.1	ENSG00000078403	ENST00000307729	rs994287375	GRCh38	WES
M042	HGP403.1 TUMOR M42X3	xenograft	NOD.CB17-Prkdcscid/NCrCrl	3	MYH11	protein_coding	3764A>G	SNV	cAg/cGg	Q1255R	missense_variant	PolyPhen: benign(0.021) | SIFT: tolerated(0.4)	150	0.6548	16	15726963	T	C		4629	NM_022844.2	ENSG00000133392	ENST00000396324	-	GRCh38	WES
M042	HGP403.1 TUMOR M42X3	xenograft	NOD.CB17-Prkdcscid/NCrCrl	3	NEIL2	protein_coding	608G>C	SNV	cGa/cCa	R203P	missense_variant	PolyPhen: probably_damaging(0.995) | SIFT: tolerated(0.09)	150	0.4918	8	11783319	G	C		252969	NR_146181.1	ENSG00000154328	ENST00000284503	-	GRCh38	WES
M042	HGP403.1 TUMOR M42X3	xenograft	NOD.CB17-Prkdcscid/NCrCrl	3	NOTCH2	protein_coding	57C>G	SNV	tgC/tgG	C19W	missense_variant	PolyPhen: benign(0) | SIFT: tolerated(0.18)	150	0.4	1	120069350	G	C		4853	NM_024408.4	ENSG00000134250	ENST00000256646	rs11810554,COSM132738	GRCh38	WES
M042	HGP403.1 TUMOR M42X3	xenograft	NOD.CB17-Prkdcscid/NCrCrl	3	PAX3	protein_coding	422C>T	SNV	gCg/gTg	A141V	missense_variant	PolyPhen: benign(0.034) | SIFT: deleterious(0)	150	0.254	2	222295557	G	A		5077	NM_001127366.3	ENSG00000135903	ENST00000392069	-	GRCh38	WES
M042	HGP403.1 TUMOR M42X3	xenograft	NOD.CB17-Prkdcscid/NCrCrl	3	PMS2	protein_coding	1004A>G	SNV	aAt/aGt	N335S	missense_variant	PolyPhen: probably_damaging(0.999) | SIFT: deleterious(0)	150	0.4138	7	5989940	T	C		5395	NR_136154.1	ENSG00000122512	ENST00000265849	rs200513014,CM1410505	GRCh38	WES
M042	HGP403.1 TUMOR M42X3	xenograft	NOD.CB17-Prkdcscid/NCrCrl	3	PRDM10	protein_coding	1332A>C	SNV	gaA/gaC	E444D	missense_variant	PolyPhen: benign(0.007) | SIFT: tolerated(0.41)	150	0.1094	11	129931214	T	G		56980	XM_011542912.2	ENSG00000170325	ENST00000358825	rs200906767	GRCh38	WES
M042	HGP403.1 TUMOR M42X3	xenograft	NOD.CB17-Prkdcscid/NCrCrl	3	DISP3	protein_coding	572C>T	SNV	gCg/gTg	A191V	missense_variant	PolyPhen: benign(0) | SIFT: tolerated_low_confidence(0.11)	150	0.4766	1	11501564	C	T		57540	XR_946717.2	ENSG00000204624	ENST00000294484	rs755183404	GRCh38	WES
M042	HGP403.1 TUMOR M42X3	xenograft	NOD.CB17-Prkdcscid/NCrCrl	3	PTPRE	protein_coding	1655C>T	SNV	aCg/aTg	T552M	missense_variant	PolyPhen: benign(0.436) | SIFT: deleterious(0.02)	150	0.37	10	128076658	C	T		5791	XR_002956995.1	ENSG00000132334	ENST00000254667	rs146299002,COSM916066,COSM916067	GRCh38	WES
M042	HGP403.1 TUMOR M42X3	xenograft	NOD.CB17-Prkdcscid/NCrCrl	3	PTPRO	protein_coding	2903A>G	SNV	tAc/tGc	Y968C	missense_variant	PolyPhen: probably_damaging(0.999) | SIFT: deleterious(0)	150	0.3071	12	15578926	A	G		5800	XR_931316.3	ENSG00000151490	ENST00000281171	-	GRCh38	WES
M042	HGP403.1 TUMOR M42X3	xenograft	NOD.CB17-Prkdcscid/NCrCrl	3	RELL2	protein_coding	847C>G	SNV	Cag/Gag	Q283E	missense_variant	PolyPhen: benign(0.003) | SIFT: deleterious_low_confidence(0)	150	0.7925	5	141640263	C	G		285613	NM_001130029.1	ENSG00000164620	ENST00000297164	rs11742646	GRCh38	WES
M042	HGP403.1 TUMOR M42X3	xenograft	NOD.CB17-Prkdcscid/NCrCrl	3	RNF20	protein_coding	1238G>A	SNV	aGa/aAa	R413K	missense_variant	PolyPhen: possibly_damaging(0.899) | SIFT: tolerated(1)	150	0.313	9	101550751	G	A		56254	NM_019592.7	ENSG00000155827	ENST00000389120	rs117628734	GRCh38	WES
M042	HGP403.1 TUMOR M42X3	xenograft	NOD.CB17-Prkdcscid/NCrCrl	3	SAMSN1	protein_coding	1150G>A	SNV	Gag/Aag	E384K	missense_variant	PolyPhen: benign(0.019) | SIFT: tolerated(0.85)	150	0.3966	21	14486088	C	T		64092	NM_001256370.1	ENSG00000155307	ENST00000285670	rs757135138	GRCh38	WES
M042	HGP403.1 TUMOR M42X3	xenograft	NOD.CB17-Prkdcscid/NCrCrl	3	TTLL1	protein_coding	19T>C	SNV	Tgg/Cgg	W7R	missense_variant	PolyPhen: possibly_damaging(0.836) | SIFT: deleterious(0)	150	0.4773	22	43075568	A	G		25809	NR_027779.1	ENSG00000100271	ENST00000266254	-	GRCh38	WES
M042	HGP403.1 TUMOR M42X3	xenograft	NOD.CB17-Prkdcscid/NCrCrl	3	NSD3	protein_coding	3148G>A	SNV	Gaa/Aaa	E1050K	missense_variant	PolyPhen: benign(0.146) | SIFT: deleterious(0.01)	150	0.4505	8	38289476	C	T		54904	NM_023034.2	ENSG00000147548	ENST00000317025	-	GRCh38	WES
M042	HGP403.1 TUMOR M42X3	xenograft	NOD.CB17-Prkdcscid/NCrCrl	3	ZFHX4	protein_coding	8810delinsT	substitution	AGc/ATc	S2937I	missense_variant	PolyPhen: probably_damaging(0.98) | SIFT: deleterious(0)	150	0.5116	8	76855730	GC	AT		79776	XM_011517597.2	ENSG00000091656	ENST00000651372	-	GRCh38	WES
M042	HGP403.1 TUMOR M42X3	xenograft	NOD.CB17-Prkdcscid/NCrCrl	3	ZNF107	protein_coding	77G>A	SNV	cGg/cAg	R26Q	missense_variant	PolyPhen: probably_damaging(0.946) | SIFT: tolerated(0.82)	150	0.3129	7	64691321	G	A		51427	NR_104148.2	ENSG00000196247	ENST00000620827	rs1281236748	GRCh38	WES
M042	HGP403.1 TUMOR M42X3	xenograft	NOD.CB17-Prkdcscid/NCrCrl	3	ZNF20	protein_coding	1085C>A	SNV	aCt/aAt	T362N	missense_variant	PolyPhen: possibly_damaging(0.657) | SIFT: deleterious(0.03)	150	0.3187	19	12133101	G	T		7568	NM_001203250.2	ENSG00000132010	ENST00000334213	-	GRCh38	WES
M042	HGP403.1 TUMOR M42X3	xenograft	NOD.CB17-Prkdcscid/NCrCrl	3	ZNF253	protein_coding	652C>T	SNV	Cat/Tat	H218Y	missense_variant	PolyPhen: probably_damaging(1) | SIFT: deleterious(0.05)	150	0.534	19	19891899	C	T		56242	NM_001331133.1	ENSG00000256771	ENST00000589717	rs551669299	GRCh38	WES
M042	HGP403.1 TUMOR M42X3	xenograft	NOD.CB17-Prkdcscid/NCrCrl	3	ZNF267	protein_coding	1567A>G	SNV	Aaa/Gaa	K523E	missense_variant	PolyPhen: benign(0.01) | SIFT: tolerated(1)	150	0.3218	16	31915816	A	G		10308	NR_049749.1	ENSG00000185947	ENST00000300870	-	GRCh38	WES
M042	HGP403.1 TUMOR M42X3	xenograft	NOD.CB17-Prkdcscid/NCrCrl	3	ZNF286A	protein_coding	-62G>T	SNV	-		5_prime_UTR_variant		150	1	17	15700268	G	T		57335	NM_001288645.2	ENSG00000187607	ENST00000464847	rs163374	GRCh38	WES
M042	HGP403.1 TUMOR M42X3	xenograft	NOD.CB17-Prkdcscid/NCrCrl	3	ZNF292	protein_coding	565C>T	SNV	Ccc/Tcc	P189S	missense_variant	PolyPhen: benign(0.104) | SIFT: tolerated(0.13)	150	0.6452	6	87233351	C	T		23036	NM_001351444.2	ENSG00000188994	ENST00000369577	-	GRCh38	WES
M042	HGP403.1 TUMOR M42X3	xenograft	NOD.CB17-Prkdcscid/NCrCrl	3	ZNF91	protein_coding	1156G>A	SNV	Gct/Act	A386T	missense_variant	PolyPhen: possibly_damaging(0.808) | SIFT: tolerated(0.23)	150	0.2941	19	23361823	C	T		7644	XR_001753756.2	ENSG00000167232	ENST00000300619	rs403356	GRCh38	WES
M043	HGP404.1 TUMOR M43X3	xenograft	NOD.CB17-Prkdcscid/NCrCrl	3	CYLD	protein_coding	470_480del	deletion	aGGACAGTCTCC/a		frameshift_variant		150	0.2676	16	50750165	GGACAGTCTCC	-		1540	XR_933218.1	ENSG00000083799	ENST00000427738	-	GRCh38	WES
M043	HGP404.1 TUMOR M43X3	xenograft	NOD.CB17-Prkdcscid/NCrCrl	3	IKZF1	protein_coding	1335_1356del	deletion	TCGCAGGACGCGCTCCGCGTGGtc/tc		frameshift_variant		150	0.1742	7	50400400	TCGCAGGACGCGCTCCGCGTGG	-		10320	XM_011515078.2	ENSG00000185811	ENST00000331340	-	GRCh38	WES
M043	HGP404.1 TUMOR M43X3	xenograft	NOD.CB17-Prkdcscid/NCrCrl	3	JUNB	protein_coding	139_155del	deletion	ccCTACCGGAGTCTCAAAGcg/cccg		frameshift_variant		150	0.1355	19	12791909	CTACCGGAGTCTCAAAG	-		3726	NM_002229.3	ENSG00000171223	ENST00000302754	-	GRCh38	WES
M043	HGP404.1 TUMOR M43X3	xenograft	NOD.CB17-Prkdcscid/NCrCrl	3	PTPRM	protein_coding	2742_2748del	deletion	AAGGAGGaa/aa		frameshift_variant		150	0.2239	18	8253400	AAGGAGG	-		5797	XR_001753258.1	ENSG00000173482	ENST00000580170	-	GRCh38	WES
M043	HGP404.1 TUMOR M43X3	xenograft	NOD.CB17-Prkdcscid/NCrCrl	3	TP53	protein_coding	170del	deletion	gAc/gc	D57X	frameshift_variant		150	1	17	7676199	T	-		7157	NM_001126112.2	ENSG00000141510	ENST00000269305	-	GRCh38	WES
M043	HGP404.1 TUMOR M43X3	xenograft	NOD.CB17-Prkdcscid/NCrCrl	3	SLC25A1	protein_coding		insertion	-		upstream_gene_variant		150	0.5333	22	19183561	-	T		6576	NR_046298.2	ENSG00000100075	ENST00000215882	rs375471950,TMP_ESP_22_19171075_19171074	GRCh38	WES
M043	HGP404.1 TUMOR M43X3	xenograft	NOD.CB17-Prkdcscid/NCrCrl	3	TPRN	protein_coding	1842_1844del	deletion	gaGGAa/gaa		inframe_deletion		150	0.0769	9	137192573	TCC	-		286262	NM_001128228.3	ENSG00000176058	ENST00000409012	rs376810326,TMP_ESP_9_140087025_140087039,COSM1598191,COSM301223	GRCh38	WES
M043	HGP404.1 TUMOR M43X3	xenograft	NOD.CB17-Prkdcscid/NCrCrl	3	LSM3	protein_coding		deletion	-		upstream_gene_variant		150	0.0737	3	14178466	CCT	-		27258	NM_014463.3	ENSG00000170860	ENST00000306024	rs750450365,TMP_ESP_3_14219966_14219968,COSM128738	GRCh38	WES
M043	HGP404.1 TUMOR M43X3	xenograft	NOD.CB17-Prkdcscid/NCrCrl	3	ZNF185	protein_coding	494_496del	deletion	GAG/-	E159-	inframe_deletion		150	0.0543	X	152919026	GAG	-		7739	XM_017029821.1	ENSG00000147394	ENST00000535861	rs781814997,TMP_ESP_X_152087570_152087572,COSM1319486,COSM1319487	GRCh38	WES
M043	HGP404.1 TUMOR M43X3	xenograft	NOD.CB17-Prkdcscid/NCrCrl	3	PRCC	protein_coding	834_839dup	insertion	tcc/tCCCTCCcc		inframe_insertion		150	0.2876	1	156786923	-	CCCTCC		5546	XR_921868.3	ENSG00000143294	ENST00000271526	-	GRCh38	WES
M043	HGP404.1 TUMOR M43X3	xenograft	NOD.CB17-Prkdcscid/NCrCrl	3	AKAP9	protein_coding	80C>T	SNV	tCg/tTg	S27L	missense_variant	PolyPhen: possibly_damaging(0.481) | SIFT: tolerated(0.07)	150	0.3258	7	91973742	C	T		10142	NM_147185.3	ENSG00000127914	ENST00000356239	rs142401936	GRCh38	WES
M043	HGP404.1 TUMOR M43X3	xenograft	NOD.CB17-Prkdcscid/NCrCrl	3	AMER1	protein_coding	1102G>C	SNV	Ggt/Cgt	G368R	missense_variant	PolyPhen: probably_damaging(1) | SIFT: deleterious(0)	150	0.4118	X	64192185	C	G		139285	NM_152424.4	ENSG00000184675	ENST00000374869	-	GRCh38	WES
M043	HGP404.1 TUMOR M43X3	xenograft	NOD.CB17-Prkdcscid/NCrCrl	3	ANAPC1	protein_coding	2300A>G	SNV	cAc/cGc	H767R	missense_variant	PolyPhen: probably_damaging(0.987) | SIFT: deleterious(0)	150	0.1087	2	111834688	T	C		64682	XM_017004710.2	ENSG00000153107	ENST00000341068	rs1553426605	GRCh38	WES
M043	HGP404.1 TUMOR M43X3	xenograft	NOD.CB17-Prkdcscid/NCrCrl	3	BRAF	protein_coding	1799T>A	SNV	gTg/gAg	V600E	missense_variant	PolyPhen: probably_damaging(0.927) | SIFT: deleterious(0)	150	0.6	7	140753336	A	T		673	XR_001744858.1	ENSG00000157764	ENST00000496384	rs113488022,CM112509,COSM18443,COSM476,COSM6137	GRCh38	WES
M043	HGP404.1 TUMOR M43X3	xenograft	NOD.CB17-Prkdcscid/NCrCrl	3	CANT1	protein_coding	56G>A	SNV	cGg/cAg	R19Q	missense_variant	PolyPhen: possibly_damaging(0.652) | SIFT: tolerated_low_confidence(0.11)	150	1	17	78997567	C	T		124583	XR_001752424.2	ENSG00000171302	ENST00000302345	rs144060377	GRCh38	WES
M043	HGP404.1 TUMOR M43X3	xenograft	NOD.CB17-Prkdcscid/NCrCrl	3	CDH18	protein_coding	1699C>T	SNV	Ccc/Tcc	P567S	missense_variant	PolyPhen: probably_damaging(0.994) | SIFT: deleterious(0.01)	150	0.5579	5	19483484	G	A		1016	NM_001349562.2	ENSG00000145526	ENST00000382275	COSM1066983,COSM1066984	GRCh38	WES
M043	HGP404.1 TUMOR M43X3	xenograft	NOD.CB17-Prkdcscid/NCrCrl	3	CNOT3	protein_coding	836C>T	SNV	aCg/aTg	T279M	missense_variant,splice_region_variant	PolyPhen: possibly_damaging(0.818) | SIFT: tolerated(0.05)	150	0.4318	19	54146042	C	T		4849	XR_002958318.1	ENSG00000088038	ENST00000358389	rs768826017	GRCh38	WES
M043	HGP404.1 TUMOR M43X3	xenograft	NOD.CB17-Prkdcscid/NCrCrl	3	DAXX	protein_coding	1529C>T	SNV	cCt/cTt	P510L	missense_variant	PolyPhen: benign(0.229) | SIFT: deleterious(0)	150	0.5222	6	33319791	G	A		1616	NM_001254717.1	ENSG00000204209	ENST00000266000	-	GRCh38	WES
M043	HGP404.1 TUMOR M43X3	xenograft	NOD.CB17-Prkdcscid/NCrCrl	3	DEK	protein_coding	835A>C	SNV	Agt/Cgt	S279R	missense_variant	PolyPhen: benign(0.02) | SIFT: tolerated(0.33)	150	0.4	6	18237444	T	G		7913	XR_001743635.2	ENSG00000124795	ENST00000652689	-	GRCh38	WES
M043	HGP404.1 TUMOR M43X3	xenograft	NOD.CB17-Prkdcscid/NCrCrl	3	DICER1	protein_coding	4891T>G	SNV	Tct/Gct	S1631A	missense_variant	PolyPhen: benign(0.003) | SIFT: tolerated(0.78)	150	0.278	14	95096029	A	C		23405	XM_017021121.2	ENSG00000100697	ENST00000526495	rs145551486,COSM7364364	GRCh38	WES
M043	HGP404.1 TUMOR M43X3	xenograft	NOD.CB17-Prkdcscid/NCrCrl	3	ELMO1	protein_coding	13G>A	SNV	Gcg/Acg	A5T	missense_variant	PolyPhen: benign(0.011) | SIFT: tolerated(0.23)	150	0.4766	7	37342678	C	T				ENSG00000155849	ENST00000310758	rs146510671,COSM70596	GRCh38	WES
M043	HGP404.1 TUMOR M43X3	xenograft	NOD.CB17-Prkdcscid/NCrCrl	3	ERBIN	protein_coding	2777T>C	SNV	gTa/gCa	V926A	missense_variant	PolyPhen: benign(0.242) | SIFT: deleterious(0.01)	150	0.4512	5	66054095	T	C		55914	NM_001006600.2	ENSG00000112851	ENST00000506030	-	GRCh38	WES
M043	HGP404.1 TUMOR M43X3	xenograft	NOD.CB17-Prkdcscid/NCrCrl	3	EXT2	protein_coding	797A>G	SNV	tAt/tGt	Y266C	missense_variant	PolyPhen: possibly_damaging(0.866) | SIFT: deleterious(0)	150	0.5	11	44114256	A	G		2132	NM_207122.1	ENSG00000151348	ENST00000395673	rs146316660,COSM4769831,COSM4769832	GRCh38	WES
M043	HGP404.1 TUMOR M43X3	xenograft	NOD.CB17-Prkdcscid/NCrCrl	3	FASTKD2	protein_coding	1935T>G	SNV	tgT/tgG	C645W	missense_variant	PolyPhen: probably_damaging(1) | SIFT: deleterious(0)	150	0.1894	2	206790608	T	G		22868	NM_001136194.1	ENSG00000118246	ENST00000402774	COSM4090610	GRCh38	WES
M043	HGP404.1 TUMOR M43X3	xenograft	NOD.CB17-Prkdcscid/NCrCrl	3	FBXW7	protein_coding	1322G>A	SNV	cGg/cAg	R441Q	missense_variant	PolyPhen: probably_damaging(0.971) | SIFT: deleterious(0.03)	150	0.6888	4	152328304	C	T		55294	NM_001349798.2	ENSG00000109670	ENST00000603548	COSM1052091,COSM1052092,COSM1052093,COSM1052094,COSM1154294,COSM1177744,COSM1177745,COSM1177746,COSM1177747,COSM1177748,COSM1427752,COSM161023,COSM161024,COSM161025,COSM161026,COSM6984859	GRCh38	WES
M043	HGP404.1 TUMOR M43X3	xenograft	NOD.CB17-Prkdcscid/NCrCrl	3	JAK2	protein_coding	2297A>T	SNV	tAt/tTt	Y766F	missense_variant	PolyPhen: probably_damaging(0.999) | SIFT: deleterious(0.01)	150	0.6667	9	5080546	A	T		3717	NM_001322194.1	ENSG00000096968	ENST00000381652	-	GRCh38	WES
M043	HGP404.1 TUMOR M43X3	xenograft	NOD.CB17-Prkdcscid/NCrCrl	3	KIRREL1	protein_coding	238G>A	SNV	Gct/Act	A80T	missense_variant	PolyPhen: benign(0.102) | SIFT: tolerated(0.46)	150	0.66	1	158078026	G	A		55243	NM_001286349.1	ENSG00000183853	ENST00000359209	rs12081249	GRCh38	WES
M043	HGP404.1 TUMOR M43X3	xenograft	NOD.CB17-Prkdcscid/NCrCrl	3	LHFPL1	protein_coding	395G>T	SNV	aGc/aTc	S132I	missense_variant	PolyPhen: benign(0.23) | SIFT: tolerated(0.25)	150	0.3289	X	112660713	C	A		340596	NM_178175.4	ENSG00000182508	ENST00000371968	-	GRCh38	WES
M043	HGP404.1 TUMOR M43X3	xenograft	NOD.CB17-Prkdcscid/NCrCrl	3	MLLT10	protein_coding	1639C>T	SNV	Cgg/Tgg	R547W	missense_variant	PolyPhen: benign(0.18) | SIFT: tolerated(0.12)	150	0.2448	10	21681349	C	T		8028	NR_136736.1	ENSG00000078403	ENST00000307729	rs994287375	GRCh38	WES
M043	HGP404.1 TUMOR M43X3	xenograft	NOD.CB17-Prkdcscid/NCrCrl	3	MYH11	protein_coding	3764A>G	SNV	cAg/cGg	Q1255R	missense_variant	PolyPhen: benign(0.021) | SIFT: tolerated(0.4)	150	0.6702	16	15726963	T	C		4629	NM_022844.2	ENSG00000133392	ENST00000396324	-	GRCh38	WES
M043	HGP404.1 TUMOR M43X3	xenograft	NOD.CB17-Prkdcscid/NCrCrl	3	NEIL2	protein_coding	608G>C	SNV	cGa/cCa	R203P	missense_variant	PolyPhen: probably_damaging(0.995) | SIFT: tolerated(0.09)	150	0.4426	8	11783319	G	C		252969	NR_146181.1	ENSG00000154328	ENST00000284503	-	GRCh38	WES
M043	HGP404.1 TUMOR M43X3	xenograft	NOD.CB17-Prkdcscid/NCrCrl	3	NOTCH2	protein_coding	57C>G	SNV	tgC/tgG	C19W	missense_variant	PolyPhen: benign(0) | SIFT: tolerated(0.18)	150	0.3878	1	120069350	G	C		4853	NM_024408.4	ENSG00000134250	ENST00000256646	rs11810554,COSM132738	GRCh38	WES
M043	HGP404.1 TUMOR M43X3	xenograft	NOD.CB17-Prkdcscid/NCrCrl	3	NOTCH2	protein_coding	61G>A	SNV	Gcc/Acc	A21T	missense_variant	PolyPhen: benign(0.006) | SIFT: tolerated(0.57)	150	0.1346	1	120069346	C	T		4853	NM_024408.4	ENSG00000134250	ENST00000256646	rs2603926,COSM1600651	GRCh38	WES
M043	HGP404.1 TUMOR M43X3	xenograft	NOD.CB17-Prkdcscid/NCrCrl	3	PAX3	protein_coding	422C>T	SNV	gCg/gTg	A141V	missense_variant	PolyPhen: benign(0.034) | SIFT: deleterious(0)	150	0.16	2	222295557	G	A		5077	NM_001127366.3	ENSG00000135903	ENST00000392069	-	GRCh38	WES
M043	HGP404.1 TUMOR M43X3	xenograft	NOD.CB17-Prkdcscid/NCrCrl	3	PMS2	protein_coding	1004A>G	SNV	aAt/aGt	N335S	missense_variant	PolyPhen: probably_damaging(0.999) | SIFT: deleterious(0)	150	0.303	7	5989940	T	C		5395	NR_136154.1	ENSG00000122512	ENST00000265849	rs200513014,CM1410505	GRCh38	WES
M043	HGP404.1 TUMOR M43X3	xenograft	NOD.CB17-Prkdcscid/NCrCrl	3	DISP3	protein_coding	572C>T	SNV	gCg/gTg	A191V	missense_variant	PolyPhen: benign(0) | SIFT: tolerated_low_confidence(0.11)	150	0.3448	1	11501564	C	T		57540	XR_946717.2	ENSG00000204624	ENST00000294484	rs755183404	GRCh38	WES
M043	HGP404.1 TUMOR M43X3	xenograft	NOD.CB17-Prkdcscid/NCrCrl	3	PTPRE	protein_coding	1655C>T	SNV	aCg/aTg	T552M	missense_variant	PolyPhen: benign(0.436) | SIFT: deleterious(0.02)	150	0.3	10	128076658	C	T		5791	XR_002956995.1	ENSG00000132334	ENST00000254667	rs146299002,COSM916066,COSM916067	GRCh38	WES
M043	HGP404.1 TUMOR M43X3	xenograft	NOD.CB17-Prkdcscid/NCrCrl	3	PTPRO	protein_coding	2903A>G	SNV	tAc/tGc	Y968C	missense_variant	PolyPhen: probably_damaging(0.999) | SIFT: deleterious(0)	150	0.2684	12	15578926	A	G		5800	XR_931316.3	ENSG00000151490	ENST00000281171	-	GRCh38	WES
M043	HGP404.1 TUMOR M43X3	xenograft	NOD.CB17-Prkdcscid/NCrCrl	3	RELL2	protein_coding	847C>G	SNV	Cag/Gag	Q283E	missense_variant	PolyPhen: benign(0.003) | SIFT: deleterious_low_confidence(0)	150	0.738	5	141640263	C	G		285613	NM_001130029.1	ENSG00000164620	ENST00000297164	rs11742646	GRCh38	WES
M043	HGP404.1 TUMOR M43X3	xenograft	NOD.CB17-Prkdcscid/NCrCrl	3	RNF20	protein_coding	1238G>A	SNV	aGa/aAa	R413K	missense_variant	PolyPhen: possibly_damaging(0.899) | SIFT: tolerated(1)	150	0.375	9	101550751	G	A		56254	NM_019592.7	ENSG00000155827	ENST00000389120	rs117628734	GRCh38	WES
M043	HGP404.1 TUMOR M43X3	xenograft	NOD.CB17-Prkdcscid/NCrCrl	3	SAMSN1	protein_coding	1150G>A	SNV	Gag/Aag	E384K	missense_variant	PolyPhen: benign(0.019) | SIFT: tolerated(0.85)	150	0.551	21	14486088	C	T		64092	NM_001256370.1	ENSG00000155307	ENST00000285670	rs757135138	GRCh38	WES
M043	HGP404.1 TUMOR M43X3	xenograft	NOD.CB17-Prkdcscid/NCrCrl	3	TTLL1	protein_coding	19T>C	SNV	Tgg/Cgg	W7R	missense_variant	PolyPhen: possibly_damaging(0.836) | SIFT: deleterious(0)	150	0.7111	22	43075568	A	G		25809	NR_027779.1	ENSG00000100271	ENST00000266254	-	GRCh38	WES
M043	HGP404.1 TUMOR M43X3	xenograft	NOD.CB17-Prkdcscid/NCrCrl	3	ZFHX4	protein_coding	8810delinsT	substitution	AGc/ATc	S2937I	missense_variant	PolyPhen: probably_damaging(0.98) | SIFT: deleterious(0)	150	0.6538	8	76855730	GC	AT		79776	XM_011517597.2	ENSG00000091656	ENST00000651372	-	GRCh38	WES
M043	HGP404.1 TUMOR M43X3	xenograft	NOD.CB17-Prkdcscid/NCrCrl	3	ZNF107	protein_coding	77G>A	SNV	cGg/cAg	R26Q	missense_variant	PolyPhen: probably_damaging(0.946) | SIFT: tolerated(0.82)	150	0.4107	7	64691321	G	A		51427	NR_104148.2	ENSG00000196247	ENST00000620827	rs1281236748	GRCh38	WES
M043	HGP404.1 TUMOR M43X3	xenograft	NOD.CB17-Prkdcscid/NCrCrl	3	ZNF253	protein_coding	652C>T	SNV	Cat/Tat	H218Y	missense_variant	PolyPhen: probably_damaging(1) | SIFT: deleterious(0.05)	150	0.513	19	19891899	C	T		56242	NM_001331133.1	ENSG00000256771	ENST00000589717	rs551669299	GRCh38	WES
M043	HGP404.1 TUMOR M43X3	xenograft	NOD.CB17-Prkdcscid/NCrCrl	3	ZNF28	protein_coding	1916A>G	SNV	gAg/gGg	E639G	missense_variant	PolyPhen: possibly_damaging(0.732) | SIFT: deleterious(0.02)	150	0.0582	19	52799929	T	C		7576	NR_163139.1	ENSG00000198538	ENST00000457749	rs142391659,COSM4286443,COSM4286444,COSM4286445	GRCh38	WES
M043	HGP404.1 TUMOR M43X3	xenograft	NOD.CB17-Prkdcscid/NCrCrl	3	ZNF286A	protein_coding	-62G>T	SNV	-		5_prime_UTR_variant		150	1	17	15700268	G	T		57335	NM_001288645.2	ENSG00000187607	ENST00000464847	rs163374	GRCh38	WES
M043	HGP404.1 TUMOR M43X3	xenograft	NOD.CB17-Prkdcscid/NCrCrl	3	ZNF292	protein_coding	565C>T	SNV	Ccc/Tcc	P189S	missense_variant	PolyPhen: benign(0.104) | SIFT: tolerated(0.13)	150	0.6286	6	87233351	C	T		23036	NM_001351444.2	ENSG00000188994	ENST00000369577	-	GRCh38	WES
M043	HGP404.1 TUMOR M43X3	xenograft	NOD.CB17-Prkdcscid/NCrCrl	3	ZNF91	protein_coding	1156G>A	SNV	Gct/Act	A386T	missense_variant	PolyPhen: possibly_damaging(0.808) | SIFT: tolerated(0.23)	150	0.2603	19	23361823	C	T		7644	XR_001753756.2	ENSG00000167232	ENST00000300619	rs403356	GRCh38	WES
M043	HGP404.1 TUMOR M43X3	xenograft	NOD.CB17-Prkdcscid/NCrCrl	3	ATM	protein_coding	1931C>A	SNV	tCa/tAa	S644*	stop_gained		150	0.4767	11	108253846	C	A		472	XR_002957150.1	ENSG00000149311	ENST00000278616	rs768362387,CM000652,CM1412062	GRCh38	WES
